countrycode,year,Y,K,L,A,PA,gY,gK,gL,gA,gPA
CAN,1980,687911.0625,0.27238938212394714,62465.89964928595,0.981520414352417,1240.1277465820312,NA,NA,NA,NA,NA
CAN,1981,711280.5625,0.28899773955345154,64049.63942346747,0.9797945618629456,1362.6773986816406,3.3407394685161407,5.918627193880988,2.5037596482681224,-0.17598936997339776,9.423704419940027
CAN,1982,693443.5,0.2999850511550904,61399.55101453861,0.9661703109741212,1332.7047424316406,-2.539718900470156,3.7313777464150544,-4.2255876057147645,-1.400279490813559,-2.2240921835886773
CAN,1983,717049.3125,0.31063657999038696,62030.71146622245,0.9737986326217652,1423.3825836181643,3.3474848749603936,3.489103187150633,1.0227085971479255,0.7864415551405195,6.582562193619967
CAN,1984,767394.6875,0.32171061635017395,64472.86129144667,0.9934467077255248,1569.370361328125,6.785664067752606,3.5028758674983784,3.8614771457021746,1.99758800323623,9.763835513318408
CAN,1985,786765.75,0.33433258533477783,67462.80613365046,0.996713638305664,1565.4600067138672,2.4929299747112665,3.8483827529378845,4.533204568076243,0.3283085728322577,-0.24947803761694587
CAN,1986,801484.1875,0.3464019298553467,70187.77555146851,0.9799067974090576,1757.3627319335942,1.8534688411268263,3.5463485841196185,3.9597732655787254,-1.700604288363313,11.563452268498065
CAN,1987,858473.25,0.3605154156684876,73162.17704012821,0.9788544178009032,2070.821350097656,6.869027763264235,3.993496987184808,4.150442190146286,-0.10745359886048973,16.41310785752985
CAN,1988,901253.1875,0.3775585889816284,76221.36003054409,0.9793502688407898,2189.4439086914067,4.863070449358631,4.619104152618958,4.096315844698495,0.0506434341483248,5.5702272547821785
CAN,1989,934353.75,0.39488428831100464,78022.85073218908,0.9723423719406128,2348.4635925292973,3.6068888498109075,4.486702175398982,2.33600031176735,-0.7181383862891827,7.01137353162995
CAN,1990,941469.375,0.4096187651157379,78513.031741076,0.9591342210769652,2239.0594482421875,0.7586705841601926,3.6634104946014934,0.6262878560045593,-1.3676952444304527,-4.770543541764294
CAN,1991,917014,0.4219096601009369,76717.8345368489,0.947123885154724,2192.5396728515625,-2.6319080371628445,2.9564329581618254,-2.3130415810324934,-1.2601121335652283,-2.0995348609548437
CAN,1992,925953.8125,0.432925820350647,76367.51284198326,0.9523742198944092,2285.461334228516,0.9701615576991784,2.5775182210513004,-0.45768234829601795,0.5528142509573453,4.150736088381901
CAN,1993,947825.9375,0.4437098205089569,77412.80816235435,0.9616559743881226,2799.482208251953,2.334652027204598,2.460439361934341,1.359486588163783,0.9698726048210087,20.286657367052463
CAN,1994,993124.5,0.4572273194789887,80055.74722520447,0.972710132598877,3106.159210205078,4.668515866502432,3.0009892668293014,3.357098526932667,1.1429355078578955,10.3952507876655
CAN,1995,1042290.125,0.4705076515674591,81843.46604049426,0.9751095771789552,3685.8794555664062,4.831958063117625,2.863153749677849,2.2085239861555195,0.24637247294912665,17.112217306127242
CAN,1996,1068538.625,0.486632376909256,83817.28350651126,0.9645129442214966,3922.4609375,2.487160845185521,3.36967436230311,2.3830761146422574,-1.0926598622661283,6.221009160919344
CAN,1997,1111285.875,0.5076740980148315,85874.12266552744,0.9759523272514344,4809.875549316406,3.9225846858993663,4.233073721685643,2.4243300760817377,1.179048728039977,20.395196345683253
CAN,1998,1127568.75,0.5332584381103516,88231.26639250582,0.9799343347549438,5060.64013671875,1.4545975356071494,4.9166478792480595,2.7078860363349833,0.40718238766933973,5.082177407075328
CAN,1999,1208232,0.5587134957313538,91193.46151319264,0.9926905632019044,5357.050537109375,6.909436790742696,4.663063061346506,3.3021806135257847,1.2933433289624694,5.692056616893382
CAN,2000,1284667.375,0.5823113322257996,93589.1814676358,1.0120609998703003,5630.115905761719,6.134169864616368,4.136842803141327,2.5931593616771664,1.9325127225347345,4.9716478409084885
CAN,2001,1273725.25,0.6048113107681274,94054.61907160784,1.0135129690170288,5660.772766113281,-0.8553958147613727,3.7911286556787327,0.49608732841619485,0.1433637495069211,0.5430384902258112
CAN,2002,1282036.25,0.6238676905632019,95642.2316698657,1.0217574834823608,5793.776123046875,0.6503759678267329,3.1021785175796177,1.6738808904934288,0.8101684521378214,2.322384514313036
CAN,2003,1346111.25,0.6445454955101013,97593.6904121291,1.0149681568145752,5624.291748046875,4.8770245880382035,3.2607098750547236,2.019836753087212,-0.6666928211700198,-2.968923044948113
CAN,2004,1406270.75,0.6688131093978882,100288.34433332615,1.014654517173767,5931.979248046875,4.3721462307143355,3.6959252667157827,2.7236636259999614,-0.030906202155136196,5.326289725860356
CAN,2005,1514082.625,0.698069155216217,101821.32159284675,1.0210286378860474,6134.9339599609375,7.386838508508831,4.281351114481657,1.5170047915317397,0.6262410265562753,3.3641387669151257
CAN,2006,1522705.125,0.7299386262893677,103981.2869030336,1.0172613859176636,6209.8048095703125,0.5678713088434151,4.464228293620243,2.099142123878117,-0.36964869709776305,1.2130150187822153
CAN,2007,1555354.125,0.7611146569252014,106831.12671172593,1.0052270889282229,6419.912353515625,2.1214812232109637,4.182355561119405,2.7038383348164885,-1.1900625559497233,3.327500168809472
CAN,2008,1620558.5,0.7907543778419495,108856.11165228598,0.9894015192985536,6239.0577392578125,4.106759009410332,3.820338584348354,1.8777600901103142,-1.5868519732731643,-2.8575297853191017
CAN,2009,1457230.625,0.8081647753715515,105681.00701909684,0.9717696905136108,6473.373291015625,-10.623304065289751,2.1778569158978742,-2.9601744460507007,-1.798140189932857,3.6868179180368443
CAN,2010,1558715.625,0.8306994438171387,108364.5621782794,0.9761866331100464,6805.09228515625,6.732436257779106,2.750208166413373,2.5075929266471064,0.4534958112472273,4.997385055089687
CAN,2011,1649477.125,0.8559888005256653,110360.15943041588,0.9845818281173706,7142.728515625,5.659617890968605,2.9989243248460835,1.824807560561581,0.8563220465883583,4.842365101180768
CAN,2012,1661054.375,0.8833577036857605,112350.49265801074,0.9794318079948424,7909.1766357421875,0.6994222647167092,3.1472926451708183,1.7874189663199758,-0.524439528477707,10.192883640116612
CAN,2013,1723023,0.9095811247825624,113746.65109035197,0.9841046929359436,7912.484375,3.6627739868144715,2.9253972092657827,1.2350232782980086,0.4759670890449489,0.041812794544959786
CAN,2014,1780581.875,0.9372568130493164,114311.48953930724,0.9984577298164368,7213.597778320312,3.2859900685618726,2.9973133678192236,0.49534702189752977,1.4479531622900392,-9.247398752616753
CAN,2015,1691290.5,0.9602044224739076,115925.907271007,0.9875839352607728,7281.7159423828125,-5.144835995146835,2.418887708969268,1.4024169956128318,-1.0950327380082323,0.9398715586838691
CAN,2016,1711195,0.9788645505905152,116945.88692235046,0.9853134751319884,6939.222290039063,1.1700109854592355,1.9247076226666986,0.8760066263350907,-0.2301651488979043,-4.817683452020027
CAN,2017,1796296.5,1,118345.32585325236,1,6311.543518066406,4.853508848550803,2.136200088512131,1.189551803879496,1.4795439575513574,-9.480944505487088
CAN,2018,1833635,1.022980570793152,120235.61748094644,1.005790114402771,5287.187927246094,2.057329014757947,2.272049440707133,1.5846455773573354,0.5773416116027522,-17.70937394516121
CAN,2019,1866214.875,1.0447580814361572,121309.95931918964,1.0111830234527588,4209.112518310547,1.761191303996057,2.1064863191174656,0.8895620752328526,0.5347539637636153,-22.803469955828426
CHN,1980,1678407.5,0.021905576810240746,1660159.8832652562,0.8315467834472656,5,NA,NA,NA,NA,NA
CHN,1981,1690707.875,0.023525714874267575,1749781.3710378988,0.8076105117797852,3.166599988937378,0.7301874992588608,7.1352819589460825,5.25769363449573,-2.9207658541543333,-45.67794588424368
CHN,1982,1811746.875,0.025412721559405327,1858632.8472924964,0.8241183161735535,3,6.914420197013449,7.715582457324555,6.035033982653992,2.0234204765003314,-5.404616492355374
CHN,1983,1951130,0.0275905542075634,1929645.7870723272,0.8356673121452332,11.33330011367798,7.4117187763180326,8.22235778525413,3.7495266936792504,1.3916474710388482,132.91330161295855
CHN,1984,2217259.75,0.03032592125236988,2006425.5976576835,0.8710781931877136,11.283400058746338,12.786339468651953,9.45293583822604,3.9018373319549937,4.150116496034887,-0.4412680499038757
CHN,1985,2513141.5,0.03371516242623329,2086962.2178473535,0.8782629370689392,98,12.526147757500716,10.594482612824718,3.93546949818937,0.8214274684009953,216.16348543719158
CHN,1986,2591463,0.03721477463841438,2163054.2945803604,0.8824622631072998,40.04170036315918,3.0689016921396473,9.87581903280681,3.5811723812257057,0.47700049958858404,-89.50460585128664
CHN,1987,2727283.75,0.04094985872507095,2235159.623470241,0.9006011486053467,64.49999809265137,5.10835694220777,9.564251022771142,3.2791397239989806,2.0346456702911464,47.6743774072724
CHN,1988,2899746.5,0.045232340693473816,2330287.855780507,0.881168007850647,75.79999923706055,6.131716885623284,9.946397270070895,4.1679157787752885,-2.1814174183502955,16.143308835273196
CHN,1989,2904513.25,0.04794862121343613,2447381.0673663933,0.83893221616745,51.91780090332031,0.16425009482556874,5.831771318653978,4.902669752431343,-4.91183970764186,-37.8436566567391
CHN,1990,2856361.25,0.0503891296684742,2552045.1490090718,0.8049317002296448,87.13329601287842,-1.671729575314096,4.964542439056574,4.187655621950448,-4.137248260080065,51.77773681918234
CHN,1991,3006093.75,0.05369814112782478,2659033.8755158926,0.7981759905815125,57.69440078735352,5.109295389557822,6.360291441276678,4.106779518150994,-0.8428316673485231,-41.227895548276194
CHN,1992,3285450.5,0.0590427927672863,2737899.0409520147,0.813217043876648,93.72020149230956,8.886230257311034,9.488409709591705,2.9228000778203977,1.8668927846140548,48.515363485173424
CHN,1993,3587539.75,0.06694681942462921,2815465.9681129465,0.8367893695831299,97.576202392578125,8.796288012140785,12.563608213932032,2.7936925402393342,2.857434902041678,4.031987216671773
CHN,1994,3854175,0.0754891037940979,2899373.720300165,0.8478583693504333,102.31079864501952,7.169031516652957,12.00897609500542,2.9366976846715076,1.3141214990613492,4.738159024572042
CHN,1995,4257891,0.08416619896888733,2992662.466106432,0.8690774440765381,107.16390228271484,9.96169909406639,10.880507799478378,3.166869291998786,2.471863534215041,4.6344233503237575
CHN,1996,4580774.5,0.09356456995010376,3091849.7658062675,0.8739957809448242,139.30879783630374,7.309412136205928,10.585838242375845,3.2606093440296746,0.5643308439949757,26.233357677442815
CHN,1997,4742227.5,0.10359133780002594,3207111.0069193025,0.866998016834259,207.69140625000009,3.463887339719207,10.180192871052052,3.6600992543117883,-0.8038858960104672,39.93603179770169
CHN,1998,4759017.5,0.11583667248487473,3333472.1303055463,0.8142955303192139,259.43299865722656,0.3534277345158543,11.172748876794714,3.864390849446764,-6.271332991687598,22.244512102532
CHN,1999,5037556.5,0.1287490278482437,3455179.226419109,0.8024078011512756,394.3029937744141,5.687990371546547,10.56837856932935,3.585988782973537,-1.4706400599909408,41.86211582167773
CHN,2000,5420106.5,0.1425420492887497,3558246.0672696973,0.8097211122512817,650.1347808837891,7.319432161420458,10.17720500863415,2.9393415344705076,0.9072923644254355,50.006006311460816
CHN,2001,5898086,0.15812347829341888,3639501.897553822,0.8182186484336853,831.9464111328125,8.45124267957491,10.373919708622203,2.2579085228494833,1.0439714742137507,24.658833245028333
CHN,2002,6458509,0.1761312633752823,3720401.350426813,0.8457902073860168,1202.9842224121094,9.077059470063631,10.785329569426128,2.19847214113873,3.3141749781296053,36.87925716360931
CHN,2003,7056661.5,0.19969677925109863,3806050.683247627,0.8535131812095642,1680.2742309570312,8.857357810884636,12.557058066639026,2.2760533090675494,0.9089638788419702,33.41516911020443
CHN,2004,7876309.5,0.22718465328216556,3912170.1181727815,0.8735721707344055,2136.2900390625,10.9887392291812,12.896302503671464,2.750015201184297,2.3229762810066252,24.011368515112608
CHN,2005,8767904,0.257956326007843,4008064.578952896,0.8945879936218262,3468.9679565429688,10.723832463856553,12.702715416091937,2.421623869839884,2.3772521323901312,48.47864328995062
CHN,2006,9562662,0.29095739126205444,4027138.0189508544,0.9367856979370116,4074.01513671875,8.676835894501522,12.038654311796005,0.47474785083565507,4.609127527098471,16.077190238437744
CHN,2007,10522240,0.32557213306427,4005948.53544333,0.982746720314026,5512.55517578125,9.562497221469357,11.240720938281656,-0.5275564382072773,4.789688180900008,30.239921669320502
CHN,2008,11210087,0.3654140830039978,3999407.621974816,0.9885371923446656,6508.753662109375,6.332288558137478,11.544714048301286,-0.16341346457195982,0.5874839892605189,16.611973820395853
CHN,2009,12166251,0.4190276265144348,4044690.271659486,1.0005064010620115,8479.64208984375,8.185180897146438,13.690566761382804,1.1258721267106253,1.2035284930994155,26.45202543878966
CHN,2010,13847619,0.47935402393341053,4142325.912591208,1.0307177305221558,9492.501708984377,12.944749754399254,13.450256189946009,2.3852467800395516,2.9749112436608804,11.283395063228241
CHN,2011,14969009,0.5422490239143372,4232411.097227963,1.030623435974121,11016.474853515623,7.786869267833296,12.328593558958234,2.151438530091454,-0.009148854118187083,14.888967314036883
CHN,2012,15920895,0.6101609468460083,4322569.747651173,0.9987826347351074,14241.21533203125,6.165040025351232,11.799742001472529,2.1078244381877553,-3.138200363559755,25.674838239314823
CHN,2013,16563043,0.6821633577346802,4390170.700216878,1.0133823156356812,16143.20166015625,3.9541490685692793,11.154638697722246,1.5518035810590192,1.4511670236062317,12.535876251634015
CHN,2014,17369238,0.7564389705657959,4457352.237294368,1.0280733108520508,19158.4287109375,4.7526822436857685,10.335269993320217,1.5186810765410286,1.439291516850548,17.124374914719986
CHN,2015,17985756,0.8342528939247131,4497835.419757292,1.0185445547103882,21355.0126953125,3.4879400741782973,9.791472995459394,0.9041342245556194,-0.931177740062544,10.854373842616205
CHN,2016,18591710,0.9155169725418092,4540507.077352714,1.0145113468170166,24762.70751953125,3.3135671147807244,9.295231651874698,0.9442433644759163,-0.39676362871113763,14.805229360230854
CHN,2017,19687162,1,4590892.226013073,1,28796.70068359375,5.72509657433713,8.82663759440508,1.103569307135821,-1.440706486092513,15.092202859745285
CHN,2018,19729128,1.089860916137695,4635109.980069386,0.9671286344528198,23884.44873046875,0.21293742184731457,8.605008822582164,0.9585536972132047,-3.3423768122609547,-18.70332545626532
CHN,2019,20257660,1.1822779178619385,4676127.677439102,0.9645727276802064,17004.504760742188,2.643687122783689,8.139292821521446,0.8810421171984828,-0.26462768150961946,-33.97492715396986
DEU,1980,1725220,0.4088331758975983,216120.3460321953,0.7319550514221191,10815.7138671875,NA,NA,NA,NA,NA
DEU,1981,1689161.375,0.4242250621318817,214571.5060952121,0.7303601503372192,10892.6533203125,-2.1122400620589232,3.6956931373624435,-0.7192365521351718,-0.2181337806500927,0.7088490315549478
DEU,1982,1650756.875,0.4360511004924774,213105.49846635817,0.7241775989532471,10863.755859375,-2.2998283105106765,2.749531812708561,-0.6855703510630917,-0.8501104382788505,-0.2656456558835174
DEU,1983,1650723.375,0.4495993852615357,211556.50516236195,0.7316907644271851,12314.72216796875,-0.0020293927246228805,3.0597491831990564,-0.7295214361345614,1.0321307008982095,12.536337274030274
DEU,1984,1666047.875,0.4631695747375488,212889.92820087436,0.7418370246887207,13417.40087890625,0.9240678896151877,2.973630788753656,0.6283136435667913,1.377160403101585,8.575696673205613
DEU,1985,1668138.75,0.47797051072120667,213526.88357169105,0.7497251033782959,13873.154296875,0.12542041038781093,3.145579837126411,0.2987479981882757,1.0577034747701441,3.3403189542621448
DEU,1986,1800300,0.492635577917099,215160.4013557089,0.7553648352622986,14214.85205078125,7.624483375119873,3.0220670302518404,0.762105967564608,0.7494247532845277,2.43317099486422
DEU,1987,1879877.625,0.5076700448989868,215647.10002740243,0.7572083473205566,15521.58984375,4.32533639566639,3.0062010795946947,0.22594726284452804,0.24375851592559616,8.794461081051175
DEU,1988,1979925.375,0.5241641998291016,217965.3563521724,0.7714599370956421,15900.83349609375,5.185247296413742,3.19732750520626,1.0692858930614335,1.8646298663134941,2.4139581095644402
DEU,1989,2064584.25,0.5430121421813965,217798.45407933855,0.7925835847854614,16335.236328125,4.186971982167442,3.5326687288611325,-0.0766021762247604,2.70132280821819,2.6952983550753373
DEU,1990,2221450.25,0.5655325055122375,214770.0690889644,0.8307945728302002,15253.97412109375,7.323137394084078,4.063609394048773,-1.4002102818357898,4.708458956744893,-6.8484445332829935
DEU,1991,2344616.25,0.5899139046669006,206800.27958073476,0.8831188678741455,15375.4521484375,5.39614940865718,4.220882704227136,-3.781451519315482,6.107725022958296,0.7932154080487308
DEU,1992,2428830,0.6124705076217651,205984.9924313116,0.8914622068405151,15845.978515625,3.52879174702192,3.7524188479595266,-0.3950180710610596,0.9403233881195974,3.0143525430265328
DEU,1993,2454800,0.6271566152572632,200705.31883431145,0.8915642499923706,16673.58935546875,1.0635631611256358,2.3695504103133977,-2.596555699280323,0.011446061450835765,5.091024513063047
DEU,1994,2551067,0.6418832540512085,201411.81524622408,0.9037916660308838,17750.4150390625,3.846641149208452,2.3210145340360255,0.3513887268084659,1.3621371658766397,6.258290628092844
DEU,1995,2642739.75,0.6572555303573608,202442.32301498015,0.90735626220703125,19126.7783203125,3.5304460098608104,2.3666438082399486,0.5103377223157679,0.39362889393713546,7.468046132802364
DEU,1996,2678939.75,0.6739561557769775,201351.28790569425,0.9101287126541138,21668.75390625,1.3604937451100696,2.5092180056536018,-0.5403937728882369,0.30508671442997237,12.478195126383085
DEU,1997,2767329.5,0.6920139789581299,200729.57252728957,0.919816792011261,23728.3916015625,3.2461675178796057,2.644109819976631,-0.3092491760074978,1.0588479108164655,9.080097831163236
DEU,1998,2862586,0.7146527767181396,203478.3143722613,0.9195457696914672,25862.1767578125,3.3842636343784704,3.21906415512232,1.3600844053089034,-0.029469157130641854,8.610925547000647
DEU,1999,2978213,0.7393749356269836,205622.6818815778,0.9193646907806396,26866.41796875,3.959804411997858,3.400834989714563,1.0483412008738924,-0.019694152086807692,3.8095559551404534
DEU,2000,3035471.75,0.7651298642158508,207045.15812307585,0.930682361125946,27398.6044921875,1.9043392788603342,3.4240428895774278,0.6894076725080467,1.2235160744084081,1.9614977099587705
DEU,2001,3076616,0.7858603596687317,205653.74813724365,0.9415642023086548,26880.40625,1.3463442666287406,2.6733540627031207,-0.674300433941788,1.1624498538411014,-1.9094452146935836
DEU,2002,3065723,0.799590528011322,203712.2248960346,0.9395103454589844,25986.5615234375,-0.35468610311788495,1.7320639455923381,-0.948558466837568,-0.2183706826794335,-3.381808909018602
DEU,2003,3140563.5,0.8099645376205444,201310.5500299169,0.9355712532997132,25869.201171875,2.411881177725128,1.2890709345423912,-1.1859594888806058,-0.42015216367533514,-0.452642274804127
DEU,2004,3231047.25,0.8202996253967285,202447.26159518023,0.9387770891189576,27010.4169921875,2.8404068272744,1.2679204349711315,0.5630675299761023,0.34207504259390065,4.316948895272965
DEU,2005,3391866.5,0.8329764604568481,201251.8812620506,0.9435347318649292,27244.037109375,4.857404915295227,1.533571266985717,-0.5922151919142138,0.5055116611828447,0.8612069367480046
DEU,2006,3470312,0.8501912951469421,206043.23472338752,0.9579256176948548,27794.9208984375,2.286414361763889,2.045599426548636,2.352875992547254,1.513695577307058,2.0018627019601
DEU,2007,3665398.5,0.8681989908218384,209980.93129095712,0.9671432971954346,28368.4345703125,5.469255720782051,2.095956320723688,1.8930699151777475,0.9576540221893449,2.0423765737378474
DEU,2008,3750630.75,0.8851812481880188,212302.83804495537,0.9624969959259032,28180.0458984375,2.298696516900911,1.937148376668406,1.0997013489062013,-0.48157268124449715,-0.6662933018441564
DEU,2009,3498118,0.8911820650100708,207029.00829462215,0.919466197490692,28352.466796875,-6.9698916248803755,0.6756320178972111,-2.5154816571124172,-4.573766350968379,0.6099903395343276
DEU,2010,3672402,0.9021100997924804,211640.2264556134,0.9405274987220764,29848.9658203125,4.862083430076325,1.2187830037221152,2.2028867903065574,2.264760518952254,5.143615472888463
DEU,2011,3861188.25,0.9168268442153932,215044.5276871674,0.9618883728981018,30067.259765625,5.0129029002038195,1.6182051403593813,1.5957324166782527,2.2457520723530044,0.7286670982594501
DEU,2012,3830993.25,0.9292181134223938,214670.9833415167,0.962068498134613,30161.974609375,-0.785086911737487,1.3424868401723022,-0.1738566238143946,0.018724456847186294,0.31451477943917894
DEU,2013,3839727.75,0.9397491216659546,214682.9641022084,0.9622198343276978,30696.833984375,0.2277361873813888,1.1269453524164141,0.005580831743223769,0.015729055863793195,1.7577509600615215
DEU,2014,3973957.75,0.9524822235107422,217153.84221017337,0.9715642929077148,30583.2822265625,3.43610468189528,1.3458496048498594,1.144369834594805,0.9664503065643444,-0.3705994531255641
DEU,2015,3931076.75,0.9669467210769652,218407.30650126407,0.9770134091377258,30458.5400390625,-1.0849141924474281,1.5071952961271853,0.5755645356051886,0.5592931119669634,-0.40871113120850566
DEU,2016,4048522.75,0.9827460050582886,219615.50871968377,0.9893778562545776,29650.1826171875,2.9438690950239987,1.6207302422516543,0.5516631739526545,1.2575940802383534,-2.6898131366545286
DEU,2017,4236518.5,1,222624.79238775137,1,27451.4296875,4.538976196563382,1.7404579752496319,1.360947931774703,1.0678961422837976,-7.705003458788262
DEU,2018,4263030.5,1.0190348625183103,226187.2111613228,0.9956544637680054,19372.75,0.6238468884378179,1.8855966136522306,1.5875215290803268,-0.4355005517271849,-34.85508104689288
DEU,2019,4275312,1.0379841327667236,228222.43895677576,0.9888983964920044,11491.470703125,0.2876789838321514,1.842453213843311,0.8957738481031541,-0.6808680696954913,-52.22623572627718
FRA,1980,1377955.5,0.3880656063556671,105868.64895273613,0.8441097736358643,4057.055541992188,NA,NA,NA,NA,NA
FRA,1981,1350791.625,0.4025633931159973,105355.7590628845,0.8463247418403625,4361.868896484375,-1.991006941106832,3.6678169006930883,-0.4856360140186311,0.26205918677451034,7.244313696084603
FRA,1982,1348468.625,0.4160328209400177,102212.22145478896,0.8768323659896851,4413.215087890625,-0.1721212745977141,3.2911570757644726,-3.0291550427628877,3.5412687722288476,1.170285720663955
FRA,1983,1329259.5,0.42787081003189087,101963.91713809264,0.8813790082931519,4695.590576171875,-1.4347576470351342,2.805715065780112,-0.2432257175779995,0.5171906523487646,6.202042436376409
FRA,1984,1315406.5,0.4391593933105469,101846.00210237985,0.8878604769706726,4958.380859375,-1.047627692853581,2.604112559121885,-0.11571080476215911,0.7326874317374485,5.445535473012519
FRA,1985,1294101,0.45112669467926025,100424.76914002598,0.9025288820266724,5405.759521484375,-1.6329497752579414,2.6885789629856216,-1.4053007690000285,1.6386081821670493,8.638571543095708
FRA,1986,1365869.875,0.4637213945388794,101509.29685416608,0.9083883166313172,5654.039794921875,5.397525114521962,2.753570956574125,1.0741507496646818,0.6471256727822436,4.490533438008093
FRA,1987,1406153.625,0.4775645136833191,104029.70175533328,0.9074730277061462,6108.88818359375,2.906655456052576,2.94153289006841,2.452606325886997,-0.10081045070325922,7.7374492334239875
FRA,1988,1477762.25,0.4940047264099121,106505.19564023176,0.924843966960907,6358.4716796875,4.967089902874378,3.3845826788726496,2.3517317145294925,1.8961194755645006,4.004325659200703
FRA,1989,1532214.375,0.5127369165420532,107688.86133857748,0.9448515176773072,6710.337646484375,3.61850426735586,3.7217795601910075,1.1052386459875052,2.140275208042229,5.386122307196928
FRA,1990,1581094.75,0.5327248573303223,109009.92711407912,0.9511014223098756,6644.193115234375,3.140349386431396,3.824219536536555,1.2192796749534551,0.6592913926500903,-0.9906012172368861
FRA,1991,1586835.25,0.5507251024246216,109006.26992393356,0.9489753246307372,6690.8212890625,0.3624137075727063,3.3230702246364263,-0.003354971048530331,-0.22379080949170016,0.6993372853198565
FRA,1992,1615930,0.5674642324447632,108444.24719751671,0.9562434554100036,6561.03173828125,1.816901839793239,2.9941942853056958,-0.5169212612866403,0.7629744272606216,-1.9588762525506453
FRA,1993,1612599,0.5798112750053406,107107.92635235378,0.9497119784355164,6838.25927734375,-0.20634791770088867,2.1524941828251154,-1.2399206592487388,-0.68537830697772,4.138533986330195
FRA,1994,1645412.25,0.5927056074142456,107811.49177446576,0.9600873589515686,7172.954345703125,2.014379757114426,2.1995166877307404,0.6547271917449748,1.0865521197750985,4.77844047521323
FRA,1995,1682645,0.605656623840332,107815.09869088208,0.9722467064857484,7648.250732421875,2.23759993780579,2.1615368603389418,0.003345520985043038,1.258530628263002,6.415934688099867
FRA,1996,1720381.5,0.6194326877593994,108567.09791094191,0.9734165668487548,8071.679443359375,2.217910845523008,2.249084126092371,0.6950685032480308,0.12025313115743494,5.388461082952389
FRA,1997,1819024.125,0.6337730884552002,109704.47155535466,0.9811744093894958,8614.34765625,5.575409367333961,2.288694631915517,1.042173235471644,0.7938114288373769,6.506757516921091
FRA,1998,1921072.875,0.6516634225845337,111323.41442813654,0.9965274930000304,9078.07568359375,5.45836568079352,2.7837219878537436,1.464948025495083,1.5526497723572497,5.24330957719954
FRA,1999,2011288.125,0.6728713512420654,113829.73026511776,1.004153609275818,9369.0029296875,4.589155598029038,3.2025948620023503,2.2264129328380733,0.7623556999687638,3.154443863570755
FRA,2000,2128715.25,0.6953129172325134,115473.45702264868,1.0214470624923706,9011.2783203125,5.674325370963018,3.2807830631379433,1.4336956518720356,1.7075303772809285,-3.8929740164494575
FRA,2001,2185648.25,0.7175650000572205,116157.3268896082,1.0254541635513306,8615.83642578125,2.639383774073245,3.1501551085557633,0.590484427379856,0.3915290221998151,-4.487498476794549
FRA,2002,2197271.75,0.7358846664428711,114778.10850460366,1.0348200798034668,8689.73974609375,0.5304010682312565,2.520986730225,-1.194476526498356,0.9091974819309817,0.8541035426288701
FRA,2003,2144133.75,0.7535400390625,115771.46997635068,1.0284968614578247,9050.80078125,-2.4480852492368754,2.3708750849718188,0.8617388290060646,-0.612919713357911,4.071024775038978
FRA,2004,2188098.25,0.7720776200294495,118423.89857930636,1.0332629680633545,9217.607421875,2.029716291520245,2.430293495341279,2.265238666792868,0.4623346547976359,1.826226726747926
FRA,2005,2372596.75,0.7912851572036743,119947.26547824508,1.032423734664917,9617.9423828125,8.095224286513414,2.457331590603204,1.2781643655001673,-0.08125466882302618,4.251484709861231
FRA,2006,2432615.5,0.8116674423217773,120515.79836885713,1.0443789958953855,9934.65673828125,2.4981985526524753,2.5432297524514977,0.472865928673194,1.1513268078279397,3.2398972375668578
FRA,2007,2546277.75,0.8343518376350403,124693.53655144638,1.0364830493927002,10386.69482421875,4.5665570914286135,2.7564478584811396,3.4078168225013528,-0.7589147409253885,4.449631860811998
FRA,2008,2568574.25,0.8569255471229553,126528.6004112499,1.0192081928253174,11035.71337890625,0.8718391550809557,2.6695857589064675,1.4609353463072239,-1.6807254772795113,6.061104128898265
FRA,2009,2487517.5,0.8696188926696777,124904.8027783139,0.992171823978424,11114.7734375,-3.2065753228527782,1.47040226175216,-1.291650343940809,-2.6885021330487686,0.7138479165405442
FRA,2010,2591608.5,0.8849112391471863,126487.43874274388,0.9970264434814452,11278.880859375,4.099350021367698,1.7432283957031391,1.2591135379684815,0.48809907192237717,1.4656862835767726
FRA,2011,2665867.25,0.9011759161949158,128862.98626331727,1.0002549886703491,12053.90087890625,2.8250701402923184,1.8213138820634773,1.8606713159787347,0.32329424876950663,6.645630538638514
FRA,2012,2701083,0.9177148342132568,129725.70237794708,0.9923776984214784,12233.1748046875,1.3123376879493165,1.8186220200789818,0.6672521679277565,-0.7906455951784405,1.4763175623770053
FRA,2013,2675257,0.9324448108673096,129319.37215983692,0.994069278240204,12629.1220703125,-0.9607353198397561,1.5923261459463336,-0.3137141689199652,0.17031214499916603,3.1853914926948335
FRA,2014,2680612.5,0.9472498297691344,129880.7534439237,0.9949484467506408,12900.64697265625,0.19998626870663117,1.5752904478073564,0.4331650384463259,0.08840228587670557,2.1272040538592663
FRA,2015,2730343.75,0.9628301858901978,131148.04897192254,0.9938085079193116,12458.18408203125,1.8382203834555355,1.6314187421083002,0.9710081596919551,-0.11463833763036296,-3.4899700095746056
FRA,2016,2765765.25,0.9799972772598268,133141.17697803554,0.9886794686317444,11420.80322265625,1.2889842771699023,1.7672735745281583,1.508321639490262,-0.5174357465931332,-8.694122644538993
FRA,2017,2869816.5,1,133920.5675514665,1,10415.73095703125,3.693073065246466,2.020548562767816,0.5836798434060597,1.13850963189972,-9.211928113345103
FRA,2018,2902140.75,1.0215266942977903,135300.88609662873,1.0033658742904663,7679.296142578125,1.1200563874403713,2.1298267384206047,1.0254239559383649,0.3360222414382077,-30.47893604966827
FRA,2019,2946958.25,1.0448414087295532,138698.89429796202,0.9943860173225404,4430.23193359375,1.5324882386137162,2.256684453426477,2.480427111214034,-0.899002272030004,-55.007595695823674
GBR,1980,1246676.5,0.3618693649768829,132877.16310737722,0.8500968217849731,3565.171508789063,NA,NA,NA,NA,NA
GBR,1981,1220936.75,0.3658186495304108,127570.78833788882,0.858379065990448,3772.94287109375,-2.0862818442751063,1.0854441050957453,-4.075370261428901,0.9695552796265855,5.664313759415407
GBR,1982,1222761.375,0.371858149766922,125859.18886388012,0.875592827796936,3848.947631835938,0.14933312101153007,1.6374746204368185,-1.350767985168666,1.9855370652544224,1.994446919412951
GBR,1983,1250671.125,0.3797330558300018,125411.59549636077,0.9057994484901428,4186.38330078125,2.2568584039850847,2.0956057482417356,-0.35626413319711503,3.3916747828522222,8.40374185923558
GBR,1984,1266116.875,0.3911313414573669,129444.74448139912,0.8983264565467834,4231.2642822265625,1.2274330551370838,2.9574894030768517,3.165301454598435,-0.8284382661269157,1.0663645941251687
GBR,1985,1287015.5,0.40426820516586304,132039.325597306,0.9117894172668456,4496.7357177734375,1.6371334267166304,3.303511663175407,1.9845692865429143,1.4875521696920788,6.085090441072083
GBR,1986,1301847.875,0.4171032905578613,133271.60774028703,0.92268168926239,4811.0059814453125,1.145872542887716,3.1255358438847414,0.9289409892941691,1.1875248359277086,6.755446850288038
GBR,1987,1359725.25,0.4326878786087036,137180.5412902205,0.9414405226707458,4799.60302734375,4.349795979754489,3.6682743148417463,2.890866860126451,2.0126863503157435,-0.23729941447143688
GBR,1988,1408895.25,0.453989177942276,143263.94394144794,0.9511447548866272,5142.3466796875,3.5523229366962283,4.805672717132293,4.3390812860440775,1.0255091147336888,6.89763158900174
GBR,1989,1430370.25,0.4782609343528748,148387.20170722445,0.9348752498626708,5055.52685546875,1.512744019585277,5.208311069076221,3.513639438614824,-1.7253166522087229,-1.702745608276679
GBR,1990,1445536.75,0.5016465187072754,149060.9018549429,0.920073628425598,4826.011962890625,1.0547379037152638,4.773925434660098,0.45298745674546836,-1.5959400042156249,-4.646162562273659
GBR,1991,1401682.75,0.5178885459899902,144306.01446790525,0.9148064851760864,4781.36572265625,-3.0807226753733374,3.1864331264242374,-3.241881450113837,-0.5741146440991413,-0.9294224310405497
GBR,1992,1399794.875,0.5324584245681763,141678.5772662832,0.9176002144813538,5074.66845703125,-0.1347771096886774,2.7744761679894814,-1.8375193672449441,0.30492482596184145,5.953497239886474
GBR,1993,1438639.75,0.5464441180229187,141390.5585494311,0.9311479926109314,5258.457763671875,2.737234107027753,2.592722947717685,-0.2034971530294527,1.4656426001316183,3.5576588804968168
GBR,1994,1479402.125,0.5642001628875732,144752.8059162913,0.9409600496292114,5644.38916015625,2.7939987464174365,3.197703918886474,2.3501520820987665,1.0482457896695594,7.082419980472743
GBR,1995,1626361,0.5824934244155884,148123.52809390193,0.9390386939048768,6023.000244140625,9.470696713988325,3.190880954597919,2.3019074087486047,-0.20439975291290657,6.492353185656086
GBR,1996,1724950,0.6044290661811829,150948.14522843124,0.9365905523300172,6401.9609375,5.885306085237474,3.6966423391246006,1.888979383206646,-0.2610476425476946,6.101882532388103
GBR,1997,1829166.375,0.6220768690109253,155122.59164552958,0.956074059009552,6660.822021484375,5.86622657238749,2.8779348511748513,2.7279349400554764,2.0589168133949896,3.963856366497609
GBR,1998,1879454.625,0.6447136402130127,157867.104169104,0.9664078950881958,7435.531494140625,2.7121311391749003,3.5742580828306503,1.7537848085458663,1.0750619099318528,11.002715919777017
GBR,1999,1958917.875,0.6662324070930481,160801.85216951714,0.9739572405815125,7732.5517578125,4.141057451311525,3.2832319716809835,1.8419308906377552,0.7781405105053772,3.916885631362277
GBR,2000,2075158.75,0.6896955370903015,162682.4345106218,0.9869716167449952,8253.26611328125,5.7645440595592845,3.461168035052853,1.16271708085538,1.327388008419035,6.517009542420915
GBR,2001,2121908.25,0.7119569182395935,165138.85944962653,0.9920658469200134,7682.66796875,2.227814496492009,3.17671518729799,1.4986646444812735,0.5148201102797441,-7.164213592340829
GBR,2002,2123617,0.7325478196144104,165560.80901041502,1.0005724430084229,7236.069580078125,0.0804965224158849,2.8511220019615813,0.2551860978460496,0.8538075182045763,-5.988869528990115
GBR,2003,2166739.25,0.7516568303108215,167068.31880529644,1.0175020694732666,7383.059326171875,2.010262070296953,2.575125561160979,0.9064270025348264,1.6778392987479753,2.0109912247498585
GBR,2004,2220801.25,0.76936274766922,169453.41402765777,1.022314190864563,6826.337890625,2.4644666518049974,2.328269464579036,1.417522214661382,0.4718199782902388,-7.839974576448938
GBR,2005,2377112.25,0.7891278266906738,172594.8416430432,1.0304566621780396,7018.3203125,6.801835646347598,2.536574697045796,1.8368846460001365,0.7933193328042303,2.7735567893564905
GBR,2006,2415816.25,0.8109244704246521,174907.25026219577,1.0383824110031128,7802.92724609375,1.6150811062733084,2.7246599627844676,1.3308942913457855,0.7662062944055525,10.59750335693419
GBR,2007,2412173.5,0.8337205648422241,177952.7436137024,1.0403612852096558,7933.888671875,-0.15090134320399073,2.7723373703403635,1.7262194805416797,0.1903914184240088,1.664433896253037
GBR,2008,2496842.75,0.8524326086044312,180449.67890409823,1.0197243690490725,8028.327392578125,3.4498825459317928,2.2195862472983663,1.393392194129639,-2.0035678096182066,1.1832921224240067
GBR,2009,2321851.75,0.8637042045593262,176743.07086952208,0.984758198261261,8131.55126953125,-7.266199832900533,1.313619981027006,-2.0754850662703106,-3.4891516300860057,1.2775501978460113
GBR,2010,2481864.75,0.877792477607727,179052.2685432645,0.9909491539001464,8644.078125,6.664515753786837,1.6179853267579563,1.2980665244230138,0.6267098105764136,6.112276324627963
GBR,2011,2517183.5,0.8892534971237183,180152.3261978937,0.994721293449402,9103.6650390625,1.413042479411608,1.2972135866984535,0.6124983420734864,0.37993656922431696,5.180260732062081
GBR,2012,2585394.25,0.9018352031707764,184345.68767658365,0.989591658115387,9321.12548828125,2.673739309112122,1.4049458298781972,2.3009982690087583,-0.5170199344451584,2.360629796623037
GBR,2013,2685292,0.9159814715385436,188195.8911251606,0.9925957918167114,10223.02099609375,3.7911463537462,1.5564335105389973,2.067066205978385,0.3031132097554572,9.235875563046214
GBR,2014,2700870.5,0.9338254928588868,193675.0505041941,0.9959569573402404,10131.72412109375,0.5784654080121854,1.9293445399969176,2.8698362863911697,0.33805175405831545,-0.8970634288225199
GBR,2015,2807567.5,0.9540613293647766,196834.1675299625,1.0009430646896362,9731.984619140623,3.8744321628501055,2.143837363637248,1.6179827760820942,0.49938581367157536,-4.02536588157183
GBR,2016,2827233.5,0.9769129753112792,199736.9755718268,0.9996384978294371,8857.945556640625,0.6980221608401393,2.3669618771253944,1.463979382860714,-0.13041878117366282,-9.410298523223126
GBR,2017,2942276.25,1,202216.0555542513,1,7842.4130859375,3.9884844786906015,2.3357704283000587,1.2335328882599583,0.036156752822428154,-12.176828066814949
GBR,2018,2974124.5,1.0214521884918213,204374.956046226,0.9974656105041504,5545.956665039063,1.0766193493369158,2.122532898368738,1.0619618829446509,-0.2537606497480885,-34.64774451473982
GBR,2019,2989895.5,1.042256236076355,207597.1501180213,0.9925231337547302,3411.8310546875,0.5288726986290015,2.016249205984457,1.564309685515397,-0.4967351625953455,-48.58200200657823
JPN,1980,2456738.75,0.3039034605026245,370650.0227692544,0.8654742240905762,12884.29833984375,NA,NA,NA,NA,NA
JPN,1981,2455290.25,0.3233345150947571,374855.2571433648,0.8747483491897583,15010.1875,-0.05897766654019421,6.1977350918927865,1.1281687976229193,1.065865141822503,15.27197501986155
JPN,1982,2421859.5,0.3413945734500885,380182.6364953309,0.8775538206100464,15529.9716796875,-1.37093488249036,5.435147748818214,1.4111789105072603,0.32020434211628424,3.404267633195346
JPN,1983,2383653,0.35953548550605774,389269.70457503246,0.8779266476631165,17868.55322265625,-1.5901448621232106,5.17739649912603,2.3620671719402964,0.04247578545174546,14.027055108311792
JPN,1984,2393857.75,0.3801696002483368,395479.7286530283,0.889444887638092,21258.25732421875,0.42720010707295586,5.580458935954413,1.5827099574067915,1.3034501033672583,17.37030352013793
JPN,1985,2468670,0.4015098810195923,397351.7434476911,0.9136502146720886,22206.8515625,3.0773358090357306,5.461467375062812,0.4722361156115795,2.6850254535644753,4.365547034754158
JPN,1986,2688586.25,0.4237566590309143,401566.1454211313,0.9181227087974548,24086.2333984375,8.533595376016656,5.392722975392683,1.055037350974608,0.4883250489949434,8.123957879941557
JPN,1987,2875265.75,0.4492521286010742,406349.1445215035,0.932382881641388,28901.3994140625,6.712960692097525,5.842489067550249,1.18404863480297,1.5412496133601004,18.2249567574992
JPN,1988,3163071.5,0.48037436604499817,412623.63505602186,0.9596763253211976,31566.767578125,9.539844442964984,6.698146540165029,1.5323130293200649,2.885251895144426,8.821489171354813
JPN,1989,3391143.5,0.5145479440689087,417107.75083790254,0.9714718461036682,34190.3955078125,6.962363095870749,6.872300750804683,1.080870150001978,1.2216222089795967,7.9839863231145
JPN,1990,3658643.5,0.550037682056427,419675.9603218929,0.9870508313179016,35114.9326171875,7.592527014984007,6.669805202586798,0.6138306742009547,1.5909250359699214,2.668169916828411
JPN,1991,3886576,0.5854025483131409,426434.0641038497,0.9851640462875366,33008.0537109375,6.043611406807514,6.231293865317422,1.5974866876749871,-0.19133671765810475,-6.187488715368161
JPN,1992,4028564.75,0.6170400977134705,422856.2326810166,0.9769787788391112,33160.19921875,3.5881606719598835,5.263428262147518,-0.842551151704285,-0.8343240690428222,0.4598754514859138
JPN,1993,4149531.25,0.641272783279419,418862.46706723,0.9622207283973694,35268.4287109375,2.9585204969880152,3.852091535026103,-0.9489620667293863,-1.5221059323833712,6.163785490396734
JPN,1994,4282784.5,0.6618862152099609,417624.5590675461,0.9612571597099304,34944.798828125,3.1608006111913056,3.1638735481999802,-0.2959780282804303,-0.100190262024831,-0.9218552857849005
JPN,1995,4521830,0.6872485280036926,421748.2593843711,0.9671906232833862,39449.2763671875,5.431339699638826,3.7602324362266124,0.9825749424159369,0.6153635425778625,12.124606398833393
JPN,1996,4756702.5,0.7194000482559204,425065.5824717934,0.9742871522903442,43130.837890625,5.063789691473275,4.572161316086781,0.7834874426933425,0.7310473188215434,8.922253347988196
JPN,1997,4777019.5,0.7506850361824036,423931.21876327816,0.9693620800971984,45991.298828125,0.42621403804865565,4.256857288823785,-0.26722465429713793,-0.5067871972054507,6.42139851200767
JPN,1998,4719694.5,0.7769618630409241,416264.81910143816,0.955534040927887,46941.1015625,-1.2072743532895558,3.440509561988897,-1.824958006912425,-1.436781642300098,2.044143491944439
JPN,1999,4719478,0.8025680780410767,409257.5033183114,0.9502054452896118,51512.310546875,-0.004587266522371181,3.242541700838375,-1.6977091707911285,-0.5592169930136892,9.292716124340927
JPN,2000,4835114,0.8268713355064392,409903.0223955618,0.9637643694877625,56787.0966796875,2.42065064425816,2.9832419265113708,0.15760505800912483,1.4168615326974463,9.748830993818558
JPN,2001,4785269,0.8480043411254883,406454.81903222535,0.962247908115387,53536.7509765625,-1.0362466033170037,2.5236651909399193,-0.844782445954273,-0.15747165304998215,-5.89407765755201
JPN,2002,4781225,0.8627293705940247,400472.7925336411,0.9645771384239196,53964.015625,-0.08454508497859337,1.7215295440613425,-1.4826946066369473,0.2417688567301443,0.7949094909356802
JPN,2003,4860082.5,0.8768532872200012,403031.6399949847,0.9689435362815856,53218.8203125,1.6358623256095939,1.6238638533726257,0.6369239566550888,0.45165333242352734,-1.3905348061435063
JPN,2004,4987367,0.8910331726074219,408982.9096153027,0.9752994775772096,55855.84375,2.585270211678825,1.6041968533161173,1.465829936944374,0.6538240222640181,4.836205392697934
JPN,2005,5110410,0.9078168272972108,411340.5831965095,0.980172872543335,55578.8759765625,2.43715206368762,1.8660968661060415,0.5748171528949797,0.4984376337896942,-0.49709524006189554
JPN,2006,5169780,0.9239143133163452,418251.5988718397,0.977266490459442,55649.5419921875,1.155049859280588,1.7576706636338022,1.6661621708486507,-0.29695777806731694,0.12706469519798702
JPN,2007,5270966.5,0.9392800331115724,421441.9624891687,0.9819919466972352,56463.69140625,1.938360789917759,1.6494326738580285,0.7598912546219694,0.48237285199062424,1.4523954061054667
JPN,2008,5180551,0.9509038925170898,418582.9394412364,0.9696558713912964,53864.234375,-1.7302321051808178,1.2299338471335617,-0.6807022222526271,-1.264187061203694,-4.713109912940894
JPN,2009,4892599.5,0.951225221157074,404512.3050357984,0.935030996799469,52753.08984375,-5.718766393861507,0.03378620733269916,-3.419289655292701,-3.6361556393119776,-2.0844356592281343
JPN,2010,5114662,0.9524927735328674,410794.7861496552,0.9651841521263124,58283.158203125,4.438755973160724,0.13316600112448784,1.5411629634170865,3.1739233955632504,9.969082415138786
JPN,2011,5032318.5,0.954346001148224,411084.4706604353,0.9628744125366212,60572.171875,-1.6230504756135744,0.19437702059124096,0.07049320697074535,-0.2395923792913479,3.8522407593509556
JPN,2012,5038807.5,0.9586725234985352,413901.0531963672,0.9715787172317504,60199.10546875,0.12886346368734536,0.45232491700517574,0.682822521848081,0.8999301462557272,-0.6178084741291556
JPN,2013,5089779,0.9649127125740052,413140.5548636759,0.9892590045928956,58795.974609375,1.0064964207703753,0.6488104450747961,-0.18390817091376022,1.8033890646631787,-2.358409934436523
JPN,2014,5020598,0.9734694957733154,416013.9496016547,0.9852917790412904,60110.0517578125,-1.3685361037266475,0.8828845771251821,0.6930930785820522,-0.40183629844296326,2.2103684565394133
JPN,2015,5154499.5,0.9827448129653932,417855.1246806799,0.990736961364746,59046.7509765625,2.632097243670728,0.9482996478621848,0.4415988379625091,0.5511251931434323,-1.7847558538095498
JPN,2016,5042444.5,0.9902859926223756,420754.6010020359,0.9887282252311708,58149.2822265625,-2.197903821123681,0.7644296640642947,0.6914987475699519,-0.20295752981215226,-1.5315984157025397
JPN,2017,5048890,1,425148.2777222719,1,54416.1640625,0.1277432806633172,0.9761496134966442,1.0388228584508497,1.1335782664976755,-6.635229217887506
JPN,2018,5005677,1.009931206703186,429728.15543309954,0.9929007887840272,40297.67626953125,-0.8595748792076918,0.988221635836522,1.0714815264647015,-0.7124530518463447,-30.036743674380517
JPN,2019,5036891,1.0203371047973633,425300.0587862312,1.000939965248108,24297.7861328125,0.6216358309369951,1.0250851235780996,-1.0357871617268088,0.8064054275873147,-50.590856593395905
KOR,1980,205997.46875,0.05422630161046982,94085.17021730336,0.5599010586738586,27,NA,NA,NA,NA,NA
KOR,1981,219423.875,0.05899983271956444,99054.70812737006,0.5626528263092041,33.33329963684082,6.31414803357373,8.436854833381435,5.147186666916959,0.49027012138223025,21.07200204203661
KOR,1982,235264.90625,0.06430475413799286,104266.11017369112,0.5708221197128296,41.5,6.970677847279028,8.60989566975614,5.127407792940808,1.4414848583062967,21.913654081195723
KOR,1983,264715.53125,0.07067358493804932,108184.3042317824,0.6090041995048523,35.66660153865814,11.794364252549272,9.443831594109797,3.68899105569902,6.474752644816906,-15.14787074634536
KOR,1984,290810.25,0.07805972546339035,109251.72294006338,0.6419909596443176,77.16670227050781,9.401521020428127,9.940236347280162,0.9818311132825386,5.2749058615112805,77.17533264737443
KOR,1985,305082.3125,0.08585184812545776,114388.5995265261,0.6473507881164551,106.39999914169312,4.79106246153016,9.514886973889025,4.594681502167752,0.8314101914312311,32.123752259380645
KOR,1986,359630.28125,0.0954100415110588,121644.29105080364,0.6645802855491638,130.1667022705078,16.449488995376882,10.5560715354025,6.149971933808729,2.6267367892781057,20.161038529587216
KOR,1987,417624.75,0.10691973567008972,128909.37959695813,0.689170777797699,217.9499969482422,14.950679485347429,11.38945892018226,5.800853493030189,3.6333411730406553,51.544971054567945
KOR,1988,475555.6875,0.120159812271595,132804.992775727,0.720306932926178,407.2595958709717,12.990068663928156,11.674420664804375,2.977215877853645,4.418831332528573,62.518514512746926
KOR,1989,526183.5625,0.13550928235054016,135202.16976837543,0.7243596315383911,565.4250106811523,10.116614130302892,12.021751671114188,1.7889379524367754,0.5610580798375231,32.81268698465895
KOR,1990,593101.8125,0.15518923103809357,138588.96937542534,0.7402508854866028,840.1107177734375,11.971594482119663,13.560507529507015,2.474128549002863,2.1701165479312112,39.595601036837635
KOR,1991,674589.0625,0.17785418033599854,143784.10358025113,0.7572715878486633,1147.3896484375005,12.873763436743957,13.631878525884478,3.680039628458154,2.2732794539383763,31.171108034662964
KOR,1992,729249.875,0.2000299096107483,147097.58239216966,0.7546585202217102,1311.8555603027348,7.791272815431327,11.750290046120293,2.278329850356897,-0.3456601882282695,13.395310183951192
KOR,1993,800354.3125,0.2227558940649033,151656.3008358519,0.7564611434936523,1757.901748657227,9.30380829069879,10.76096230287642,3.0520589468972403,0.23858125471936664,29.26783163366231
KOR,1994,903958.75,0.2510153353214264,157476.002150315,0.7678952813148499,2251.0419921875,12.172920857427627,11.943750771421069,3.7656297547128403,1.5002203011532766,24.72723070886067
KOR,1995,1015576.5,0.28318119049072266,164400.83088370485,0.7793711423873901,3754.508758544922,11.642798171159896,12.057290769150232,4.303445728941746,1.4833995402606521,51.15642367137143
KOR,1996,1136406.375,0.31822603940963745,169256.70463114604,0.7864618897438049,4030.030624389648,11.24145492530868,11.66750041688276,2.9108988134726843,0.9056899018588277,7.081652166616514
KOR,1997,1116091.125,0.35024940967559814,170589.60578670763,0.7970377206802368,4563.698944091797,-1.8038466951164622,9.588355375454416,0.7844181026987584,1.3357740184400835,12.435949162024329
KOR,1998,982705.8125,0.3680277466773987,156574.00211220453,0.773480236530304,4811.051208496094,-12.727799265623219,4.9512834128056955,-8.573195064257177,-3.000188701930473,5.27821400506614
KOR,1999,1092839.625,0.3925100564956665,161855.7070061172,0.82149738073349,5143.7659912109375,10.622494804764315,6.440382463275595,3.317648566698317,6.022863009471904,6.686988759604873
KOR,2000,1176636.375,0.4254426658153534,171746.9995587925,0.8355651497840881,5399.958740234375,7.388036907676643,8.056803495537434,5.931722029948894,1.6979572918885548,4.860581854289769
KOR,2001,1212755,0.45443370938301086,175528.01701105485,0.8388450145721436,6965.957824707031,3.023479267629625,6.5921855542423575,2.1776210121212003,0.39176410330000466,25.464380463260206
KOR,2002,1308658.75,0.4850015044212341,179400.31583910916,0.8655201196670532,8978.792236328125,7.610812675774348,6.509994379508155,2.1821038900029066,3.130465761050244,25.3830260951597
KOR,2003,1361777.5,0.5156870484352112,177761.67426176945,0.8703165054321289,11462.386108398438,3.978807392657302,6.134809337617996,-0.9175965642013395,0.5526324197360155,24.42055230877358
KOR,2004,1449575.5,0.5470863580703735,180363.02870365468,0.88288116455078125,12632.087158203123,6.247992326935048,5.910657956681353,1.452790144692706,1.433366522739904,9.716927520832286
KOR,2005,1562740.5,0.5785283446311951,180309.3346956633,0.8963833451271057,14566.51904296875,7.51702558343279,5.5880876427879205,-0.02977439573239593,1.517755195654079,14.248550230815127
KOR,2006,1618417.375,0.6121314167976379,183973.21322037137,0.9088116884231568,14646.384033203123,3.5007731941830045,5.645945058690166,2.011626468618566,1.3769747244388022,0.5467802292848489
KOR,2007,1716586.625,0.6483378410339355,184920.05214867508,0.93292635679245,15165.17138671875,5.888905598112615,5.746492732193986,0.5133414439590922,2.6188356840257137,3.480796121685792
KOR,2008,1721251.75,0.68245929479599,180223.1205646162,0.9501596689224244,14628.173095703123,0.2713989056280397,5.129096384410525,-2.572793916274385,1.8303776916346666,-3.6052109148378975
KOR,2009,1659645.375,0.7133321166038513,176722.43183376527,0.9468255043029784,15656.796875,-3.6447837734844057,4.42442296948537,-1.9615322004202795,-0.3515228373751844,6.7955794421378
KOR,2010,1780067.625,0.7496579885482788,179443.9222275415,0.9790623784065248,17803.365478515625,7.004740512702234,4.9669973604014315,1.5282428169509643,3.3480542304574104,12.848238343811857
KOR,2011,1784289.875,0.7854204177856445,181897.5798948145,0.985048770904541,18078.201904296875,0.23691517895798597,4.660205122249714,1.3581032714888863,0.60957966022811,1.5319386569428772
KOR,2012,1790975.75,0.8189522624015808,185355.70415942936,0.9787276983261108,20352.240234375,0.3740076120131164,4.180665601101125,1.8832923350187158,-0.643769238329621,11.848409323457965
KOR,2013,1751297,0.8507890701293945,188915.2316558776,0.9814397096633912,23438.490234375,-2.2403926783253425,3.813844217484283,1.9021700497491523,0.27671239269765824,14.118856178118122
KOR,2014,1834123.375,0.883693516254425,192145.5859511811,0.9857504367828368,25114.359375,4.620998628222495,3.794606479011496,1.695494016439092,0.43826307559249217,6.906021637381521
KOR,2015,1943938.625,0.9179964065551758,196468.4684121217,0.9836356043815612,25573.61962890625,5.814949147375081,3.8083174731638274,2.224860748099644,-0.21477081384616326,1.8121567714830533
KOR,2016,1999304,0.9548964500427246,198438.759984866,0.9885265827178956,24294.09033203125,2.808298595609493,3.940942914230159,0.9978586259704159,0.4960026508558736,-5.132821236996676
KOR,2017,2088576.875,1,197427.69406936504,1,21456.224609375,4.368379299816283,4.615237365491948,-0.5108127266764129,1.153974475743295,-12.421832970095537
KOR,2018,2118144.75,1.0402514934539795,197033.55778918343,1.0106995105743408,18088.12353515625,1.4057674628100258,3.946250454821228,-0.1998352991513741,1.064267585411683,-17.07592302287857
KOR,2019,2162705.25,1.0754408836364746,199733.7545408542,1.0077602863311768,14190.54949951172,2.08192809945551,3.3268197266424924,1.3611194043471997,-0.29123456658904845,-24.267934978545114
SGP,1980,47817.08203125,0.07060528546571732,4005.9548088011006,1.1288539171218872,15.452399730682377,NA,NA,NA,NA,NA
SGP,1981,48141.5625,0.079364679753780365,4533.060293277578,1.109862208366394,5.392899990081787,0.6762948915698175,11.694842325920218,12.361531653438007,-1.6967014394993178,-105.26810418678608
SGP,1982,50782.25390625,0.08957372605800629,4943.418275546691,1.0689857006072998,3.785799980163574,5.340107175540609,12.100861110940198,8.66597776835718,-3.752561547809946,-35.382605183859624
SGP,1983,56282.3359375,0.09969451278448103,5215.751280626048,1.068500280380249,5.5,10.283377602681654,10.704859716713333,5.3626089038841585,-0.045419735119993365,37.34908722881352
SGP,1984,62920.296875,0.11111938953399658,5457.853113547532,1.074462652206421,16.73330020904541,11.148805944572793,10.8494566490271,4.537237022702811,0.5564620013626287,111.26526662500704
SGP,1985,56310.15234375,0.12015779316425323,5358.1330116937625,1.0347819328308103,9.33330011367798,-11.099395176162652,7.820061736056072,-1.843991409360335,-3.7629966594761055,-58.38120962365237
SGP,1986,58908.4609375,0.12713156640529633,5426.025853445046,1.01176655292511,16.3334002494812,4.510988482414291,5.641668413672596,1.259138326727971,-2.2492846274329397,55.96234440891648
SGP,1987,66756.1171875,0.13456924259662628,5819.981697157702,1.0529593229293823,14.8832995891571,12.506120680526678,5.6856375241246315,7.009013796105101,3.9906737381958837,-9.29723549351924
SGP,1988,72381.921875,0.14291708171367645,6240.902674975207,1.0986719131469729,13.41670036315918,8.091063401305476,6.018573251184178,6.982771445018443,4.249749597452693,-10.373952467282122
SGP,1989,74596.0625,0.15402783453464508,6794.219423664395,1.118225336074829,42.016700744628906,3.0131153962528856,7.486871588606836,8.49473345295575,1.7640808580075995,114.1566949290572
SGP,1990,86285.1484375,0.16688993573188782,7613.170583986258,1.1172339916229248,23.9665994644165,14.556976669907407,8.020119784967793,11.380755310686475,-0.08869269099260613,-56.140600395692
SGP,1991,82751.1171875,0.18096782267093656,8177.635578273446,1.1037555932998655,71.45240211486816,-4.181997609313193,8.098471250064287,7.152334071433941,-1.2137439888136647,109.23703512662755
SGP,1992,82367.453125,0.1964772492647171,8646.591589782396,1.0969029664993286,100.05959701538086,-0.46471423806409007,8.222740461976086,5.576214770686683,-0.6227816594872593,33.673445528916446
SGP,1993,80112.4609375,0.2139118611812592,9008.129340100588,1.1450434923171997,87.8130989074707,-2.7758963306025564,8.501742176075954,4.096222222560542,4.295189697064708,-13.05552988188099
SGP,1994,76442.9609375,0.2320314794778824,9613.58536876014,1.181148886680603,128.3346004486084,-4.688655516668305,8.130898332252068,6.50498110288229,3.1044976743466624,37.94302393930451
SGP,1995,79247.40625,0.25325751304626465,10170.790617125116,1.1761010885238647,137.85790252685547,3.6029829447194572,8.753375934277274,5.634270648677919,-0.42827921735262287,7.158254362953986
SGP,1996,99371.59375,0.2828824520111084,10992.247707726408,1.148166298866272,232.7027969360352,22.629161214230642,11.062463822836065,7.767032333042856,-2.4038658365414687,52.35386269030826
SGP,1997,104451.0078125,0.3146231770515442,12120.54991052833,1.1224733591079712,262.9078063964844,4.9851841053934365,10.634421196567235,9.771208126809938,-2.2631540227313813,12.204133497210101
SGP,1998,118769.125,0.34150800108909607,12754.582527546425,1.0256043672561646,330.9460067749024,12.846334586733654,8.199544858395335,5.098826918824528,-9.025254139823366,23.015181584415156
SGP,1999,122706.6875,0.3666224181652069,13450.827422863103,1.0183217525482178,506.6094970703125,3.261537050537733,7.096137711792361,5.315000162821981,-0.7126133822584378,42.57852435309238
SGP,2000,163269.78125,0.39571413397789,14605.01004133207,1.02593994140625,562.3619041442871,28.560707924782136,7.635958157166689,8.232400078233226,0.7453276796451781,10.440511611785919
SGP,2001,160526.65625,0.4207461178302765,14747.8500736218,0.9781985282897948,650.2405242919922,-1.6943920997539053,6.133753956688148,0.9732691075100774,-4.765184378066217,14.519673162092683
SGP,2002,174030.21875,0.4400002062320709,15070.599323931308,0.982874035835266,665.1694030761719,8.07689437780752,4.474558937794571,2.164846674454779,0.4768325751826185,2.2699417867648286
SGP,2003,167406.53125,0.4563562572002411,14945.57707524293,1.0116691589355469,619.7059783935547,-3.8803781987859054,3.6498574653684335,-0.8330372930871022,2.8875909002716953,-7.079661252288805
SGP,2004,192437.640625,0.4776038527488709,15152.48679066412,1.0767065286636353,706.7576141357422,13.934698331656925,4.550785866534246,1.3749254828157476,6.2305272039657,13.14426328058067
SGP,2005,264816.46875,0.4996475577354431,15837.327388577649,1.1053727865219116,749.7178115844727,31.92648588523994,4.512133640469718,4.420498359853475,2.627577003603865,5.900911454380076
SGP,2006,296612.875,0.5255423784255981,17433.742795671995,1.123814582824707,769.2793960571289,11.339082209926588,5.052786572712675,9.603792276843315,1.6546134520325286,2.5757342881535195
SGP,2007,326440.75,0.5572763085365295,19521.920145749733,1.1291805505752563,780.1217041015625,9.58206247181046,5.863035145032813,11.313037481915877,0.4763417210460308,1.3995711020584167
SGP,2008,299015.375,0.5925921201705933,21140.707699957155,1.073173999786377,892.8634338378906,-8.775346863762756,6.144515548251961,7.966251243137457,-5.08715807097179,13.498370113722657
SGP,2009,291632.84375,0.6259308457374573,21715.366049088705,1.0301735401153564,806.8434753417969,-2.4999366793920785,5.473355692472398,2.6819666113103935,-4.089333886646605,-10.130394877548454
SGP,2010,369290.46875,0.6673972010612488,23555.314427143305,1.0980141162872314,1008.0361175537108,23.60878858831441,6.414547758365574,8.133133788583535,6.377592576995717,22.262958812259726
SGP,2011,399595.4375,0.7091206312179565,24857.277179204808,1.102213740348816,1043.6025848388672,7.8869116478990975,6.064028230753693,5.37990932058694,0.3817449314608076,3.4674751211926313
SGP,2012,403046.78125,0.7539322972297668,26827.784802177317,1.0758343935012815,1017.2070770263672,0.8600008674285675,6.127691768293847,7.6287542910643324,-2.4224108174001695,-2.561803922424666
SGP,2013,392164.71875,0.8015763759613037,28809.92364063393,1.0561832189559937,1102.4902801513672,-2.737068529218689,6.127768628615804,7.128180182996857,-1.843486747546546,8.05108002093613
SGP,2014,425131.96875,0.8506382703781128,30472.1596449048,1.0359671115875244,1053.132080078125,8.071768300693805,5.940671523229282,5.609356958504996,-1.9326275271933888,-4.580285465192624
SGP,2015,421381.21875,0.8974538445472717,31585.261331387388,1.0191670656204224,1091.2089080810547,-0.8861703753284544,5.357471832930629,3.5877129993146184,-1.6349706399552393,3.551751417891591
SGP,2016,427075,0.9460588693618774,32890.53968926289,1.0035514831542969,1044.1431274414062,1.342171015581961,5.274310453335314,4.049447075827928,-1.5440499831952597,-4.408959632361409
SGP,2017,464890.21875,1,34026.00480999688,1,1009.5298309326172,8.484164717123122,5.545048209702408,3.394001063951535,-0.3545191529997362,-3.371186677432103
SGP,2018,476500.75,1.043179988861084,35588.22773379725,0.990425944328308,815.1872787475586,2.4668008065582114,4.227372954948279,4.4889821913516315,-0.9620181586844162,-21.38221108044389
SGP,2019,477907.875,1.082009196281433,38121.91486752623,0.9483579993247986,630.5645732879639,0.2948686721161664,3.6545950174577957,6.877440860989736,-4.340303000839309,-25.680231055676206
USA,1980,7309359,0.3157295286655426,621272.63376445,0.7875528931617737,43367.697265625,NA,NA,NA,NA,NA
USA,1981,7496486.5,0.3277817666530609,625823.9214227234,0.7925126552581787,41946.5302734375,2.527886229244203,3.7462116241527177,0.7299046486105354,0.6277940040000929,-3.3319142850473327
USA,1982,7323942,0.3371388614177704,615933.1708192041,0.7774326801300049,43240.14404296875,-2.3285736499753185,2.81468557935427,-1.5930587133818008,-1.9211419141078574,3.037360551916457
USA,1983,7655244,0.3478725254535675,629044.8097946424,0.7929401397705078,42562.73095703125,4.42421955823793,3.13412093329144,2.1064025181814827,1.9750677735252908,-1.5790313810715162
USA,1984,8235799,0.36293038725852966,662656.4237287114,0.8103001713752747,44211.05810546875,7.309948062330562,4.237493873677911,5.205414737899439,2.1657027964591875,3.7995930976416403
USA,1985,8533360,0.3785111010074616,680369.3500157291,0.8170069456100464,46144.85986328125,3.549280399578514,4.203435616026718,2.637917121990263,0.8242835219813949,4.281063466063095
USA,1986,8808309,0.3931065201759338,689805.542414491,0.8258476853370667,47525.708984375,3.171229273637266,3.7835217451099745,1.3773922785144777,1.0762760016275297,2.9485230563123466
USA,1987,9116680,0.407222181558609,712616.3174673937,0.8261879086494446,51837.5595703125,3.4410222172764904,3.527831828023298,3.253341612020577,0.041188376137440974,8.684416834753073
USA,1988,9489531,0.4213971197605133,734127.8704753694,0.8340516090393066,55459.7666015625,4.00834882363732,3.4216729288315317,2.974007249417454,0.9473041826067619,6.754285702249518
USA,1989,9822400,0.4362305700778961,755652.5331739879,0.8382185697555542,58371.560546875,3.447630073305774,3.4595267604611624,2.889843442320661,0.49836077847025817,5.117096251689546
USA,1990,9978170,0.4495259523391724,758941.5848675653,0.8419286608695984,59825.3349609375,1.5734215085078773,3.0022654239593494,0.4343152828214514,0.44163952738424384,2.460043850617666
USA,1991,9939456,0.4606260359287262,750121.1378852236,0.8391718864440918,56315.2109375,-0.3887415975562192,2.439292364341361,-1.1690100481805743,-0.3279728747983268,-6.04645576271956
USA,1992,10301173,0.4729953110218048,750041.1297389414,0.8600287437438965,59924.0009765625,3.574548144589329,2.649896326527079,-0.010666598952013828,2.4550255550206455,6.2112433787506305
USA,1993,10602463,0.4865992665290833,768460.8723387846,0.8611710667610168,70218.6982421875,2.8828560371032097,2.835544784012467,2.4261602675641925,0.13273568563832994,15.853752333960891
USA,1994,11054640,0.5016573667526245,796299.0244390077,0.8662667274475098,79494.0419921875,4.176391671116519,3.0476427298618547,3.5585126790959265,0.5899691998967949,12.40674430659574
USA,1995,11361680,0.5193513631820679,815905.830550302,0.8646295666694641,99113.4794921875,2.7396040353995232,3.466330414693408,2.4324170421968105,-0.18916919191806214,22.058337582251752
USA,1996,11815750,0.5399460196495056,833442.8554737576,0.8723098039627075,100761.494140625,3.9187097570355434,3.8888516494265057,2.1266195553769407,0.8843472002603631,1.6490828902631094
USA,1997,12360252,0.5639553666114807,857857.0176986567,0.8801152110099792,115872.30859375,4.505245291816706,4.350594020325915,2.8872299441129456,0.8908179919204035,13.973251672683418
USA,1998,12924324,0.591966450214386,879620.369804103,0.8887822031974792,116345.4287109375,4.462527711467956,4.847485019007436,2.505297688139585,0.9799394214756549,0.40748030475210584
USA,1999,13526821,0.6238548159599304,898269.9639791193,0.9009824395179749,123577.6201171875,4.556333793993161,5.246771322451188,2.0980234718251722,1.3633552707483856,6.030586175904418
USA,2000,14095967,0.6558927297592163,915270.3490005176,0.9101762175559998,131228.9228515625,4.121427287558177,5.007957929700107,1.8748833861600644,1.0152459002671006,6.007383916258036
USA,2001,14205419,0.6812365651130676,907291.465540209,0.911842167377472,127250.9169921875,0.773478342582834,3.7912370983602006,-0.8755735328461967,0.18286865813276626,-3.078243914840506
USA,2002,14396938,0.7009119391441345,898083.5576977808,0.9240977168083192,129926.478515625,1.339203355497176,2.8472632532464957,-1.0200637060226114,1.3350907160413497,2.0807878962010307
USA,2003,14799683,0.7209519147872925,896112.7608599309,0.9418501257896424,125578.4052734375,2.759021653955074,2.819018529106998,-0.21968584040497063,1.9028339612469505,-3.4038433876439456
USA,2004,15372598,0.7436413764953613,908120.7609350896,0.958232879638672,125872.3193359375,3.798081222373284,3.0986455112551825,1.3311112151956905,1.7244678038468826,0.23377478574513333
USA,2005,15920553,0.7693599462509155,923728.7052097268,0.9687321782112122,125477.423828125,3.5024342148361143,3.4000032758017107,1.7041053067142542,1.0897345990528136,-0.3142201999143168
USA,2006,16386528,0.7972298264503479,944580.442656028,0.9693102836608888,126920.90625,2.8848617835702584,3.5584071108578836,2.2322433432123034,0.05965869976497923,1.143825444012947
USA,2007,16702365,0.8242549896240234,956132.102157671,0.9674323201179504,129573.701171875,1.9090792332910667,3.333693381511865,1.215523279658015,-0.1939301720158569,2.0685733255868755
USA,2008,16671577,0.845964252948761,948109.6202142902,0.9610965251922609,128590.52734375,-0.18450327943817513,2.5997169049959052,-0.8425956970956605,-0.6570622716616924,-0.7616691025909006
USA,2009,16195003,0.8567948937416077,900006.1850364545,0.96138763427734375,122412.3984375,-2.9002555502451344,1.272145491464069,-5.206849314403961,0.030284679941202514,-4.923748987176602
USA,2010,16651722,0.8706852197647095,903746.182648532,0.9771565794944764,128584.451171875,2.781089663640657,1.6081951141987765,0.41469139985910175,1.626921163155484,4.919023665987687
USA,2011,16943864,0.8861290216445923,919465.1601354418,0.9752111434936525,138699.81640625,1.7392127884757969,1.7582052054393325,1.724360375412104,-0.19928998229175182,7.572610761252463
USA,2012,17382956,0.9040193557739258,937630.461940305,0.9776619672775269,155415.08984375,2.558442354074586,1.9988208790472293,1.9563754249650955,0.25099685760711193,11.378753281625542
USA,2013,17764046,0.9218540191650392,951067.993350824,0.9794913530349731,168997.20703125,2.1686341005825227,1.9536108980074143,1.4229649112401432,0.18694358497481528,8.378265188323475
USA,2014,18244220,0.941271424293518,970212.6545401608,0.9840512871742249,156071.716796875,2.6671790602421197,2.084465999130589,1.9929722276232908,0.46446073981343605,-7.956656367804271
USA,2015,18785358,0.9611234664916992,991467.4740794837,0.9928927421569824,153672.69140625,2.9229419067391404,2.0871337427677696,2.1670863706356513,0.894462746463243,-1.5490664557912481
USA,2016,19095196,0.9801573753356934,1005207.664483883,0.9937236309051514,149748.15234375,1.635904848875569,1.961026803277202,1.3763287814333225,0.0836486407626476,-2.587006146092641
USA,2017,19542980,1,1019920.0237339516,1,140472.064453125,2.3179357571144976,2.004213313300576,1.4530064625160932,0.6296148303865557,-6.39462591578539
USA,2018,20155260,1.0229711532592771,1041038.2579524908,1.008165955543518,119399.41357421876,3.0849153847647415,2.2711288389388398,2.0494323994521224,0.8132794533786761,-16.253434998172978
USA,2019,20595844,1.04604971408844,1047767.0200365848,1.0167962312698364,97416.48828125,2.162401135820957,2.230960393314822,0.6442711946462509,0.8523939890842982,-20.34788089844568
