countrycode,year,Y,K,L,A,PA,gY,gK,gL,gA,gPA,gPA_lag1,gPA_lag2,gPA_lag3
CAN,1980,687911.0625,2552616.25,62465.89964928595,0.981520414352417,1240.1277465820312,NA,NA,NA,NA,NA,NA,NA,NA
CAN,1981,711280.5625,2682009,64049.63942346747,0.9797945618629456,1362.6773986816406,3.3407394685161407,4.944732695422793,2.5037596482681224,-0.17598936997339776,9.423704419940027,NA,NA,NA
CAN,1982,693443.5,2778083.5,61399.55101453861,0.9661703109741212,1332.7047424316406,-2.539718900470156,3.519516091726871,-4.2255876057147645,-1.400279490813559,-2.2240921835886773,9.423704419940027,NA,NA
CAN,1983,717049.3125,2867198.75,62030.71146622245,0.9737986326217652,1423.3825836181643,3.3474848749603936,3.1574206357154466,1.0227085971479255,0.7864415551405195,6.582562193619967,-2.2240921835886773,9.423704419940027,NA
CAN,1984,767394.6875,2957151,64472.86129144667,0.9934467077255248,1569.370361328125,6.785664067752606,3.0890797002429693,3.8614771457021746,1.99758800323623,9.763835513318408,6.582562193619967,-2.2240921835886773,9.423704419940027
CAN,1985,786765.75,3060911,67462.80613365046,0.996713638305664,1565.4600067138672,2.4929299747112665,3.448627923963521,4.533204568076243,0.3283085728322577,-0.24947803761694587,9.763835513318408,6.582562193619967,-2.2240921835886773
CAN,1986,801484.1875,3168508.25,70187.77555146851,0.9799067974090576,1757.3627319335942,1.8534688411268263,3.454830945872267,3.9597732655787254,-1.700604288363313,11.563452268498065,-0.24947803761694587,9.763835513318408,6.582562193619967
CAN,1987,858473.25,3292934.5,73162.17704012821,0.9788544178009032,2070.821350097656,6.869027763264235,3.8518218985446495,4.150442190146286,-0.10745359886048973,16.41310785752985,11.563452268498065,-0.24947803761694587,9.763835513318408
CAN,1988,901253.1875,3434797.75,76221.36003054409,0.9793502688407898,2189.4439086914067,4.863070449358631,4.217893223679248,4.096315844698495,0.0506434341483248,5.5702272547821785,16.41310785752985,11.563452268498065,-0.24947803761694587
CAN,1989,934353.75,3582253.5,78022.85073218908,0.9723423719406128,2348.4635925292973,3.6068888498109075,4.203402689766378,2.33600031176735,-0.7181383862891827,7.01137353162995,5.5702272547821785,16.41310785752985,11.563452268498065
CAN,1990,941469.375,3712088.75,78513.031741076,0.9591342210769652,2239.0594482421875,0.7586705841601926,3.5602651928437368,0.6262878560045593,-1.3676952444304527,-4.770543541764294,7.01137353162995,5.5702272547821785,16.41310785752985
CAN,1991,917014,3822054,76717.8345368489,0.947123885154724,2192.5396728515625,-2.6319080371628445,2.91932508645818,-2.3130415810324934,-1.2601121335652283,-2.0995348609548437,-4.770543541764294,7.01137353162995,5.5702272547821785
CAN,1992,925953.8125,3919832.5,76367.51284198326,0.9523742198944092,2285.461334228516,0.9701615576991784,2.52609488509119,-0.45768234829601795,0.5528142509573453,4.150736088381901,-2.0995348609548437,-4.770543541764294,7.01137353162995
CAN,1993,947825.9375,4011183.75,77412.80816235435,0.9616559743881226,2799.482208251953,2.334652027204598,2.303747395932554,1.359486588163783,0.9698726048210087,20.286657367052463,4.150736088381901,-2.0995348609548437,-4.770543541764294
CAN,1994,993124.5,4115520,80055.74722520447,0.972710132598877,3106.159210205078,4.668515866502432,2.567879583865995,3.357098526932667,1.1429355078578955,10.3952507876655,20.286657367052463,4.150736088381901,-2.0995348609548437
CAN,1995,1042290.125,4209453.5,81843.46604049426,0.9751095771789552,3685.8794555664062,4.831958063117625,2.256763619641511,2.2085239861555195,0.24637247294912665,17.112217306127242,10.3952507876655,20.286657367052463,4.150736088381901
CAN,1996,1068538.625,4312274.5,83817.28350651126,0.9645129442214966,3922.4609375,2.487160845185521,2.413266184324314,2.3830761146422574,-1.0926598622661283,6.221009160919344,17.112217306127242,10.3952507876655,20.286657367052463
CAN,1997,1111285.875,4441155,85874.12266552744,0.9759523272514344,4809.875549316406,3.9225846858993663,2.9448986614747596,2.4243300760817377,1.179048728039977,20.395196345683253,6.221009160919344,17.112217306127242,10.3952507876655
CAN,1998,1127568.75,4571276.5,88231.26639250582,0.9799343347549438,5060.64013671875,1.4545975356071494,2.887800981610944,2.7078860363349833,0.40718238766933973,5.082177407075328,20.395196345683253,6.221009160919344,17.112217306127242
CAN,1999,1208232,4704641,91193.46151319264,0.9926905632019044,5357.050537109375,6.909436790742696,2.8756980753524175,3.3021806135257847,1.2933433289624694,5.692056616893382,5.082177407075328,20.395196345683253,6.221009160919344
CAN,2000,1284667.375,4841405.5,93589.1814676358,1.0120609998703003,5630.115905761719,6.134169864616368,2.865560281514057,2.5931593616771664,1.9325127225347345,4.9716478409084885,5.692056616893382,5.082177407075328,20.395196345683253
CAN,2001,1273725.25,4987062.5,94054.61907160784,1.0135129690170288,5660.772766113281,-0.8553958147613727,2.964198793540973,0.49608732841619485,0.1433637495069211,0.5430384902258112,4.9716478409084885,5.692056616893382,5.082177407075328
CAN,2002,1282036.25,5129189.5,95642.2316698657,1.0217574834823608,5793.776123046875,0.6503759678267329,2.810059542769139,1.6738808904934288,0.8101684521378214,2.322384514313036,0.5430384902258112,4.9716478409084885,5.692056616893382
CAN,2003,1346111.25,5282980,97593.6904121291,1.0149681568145752,5624.291748046875,4.8770245880382035,2.95426779493404,2.019836753087212,-0.6666928211700198,-2.968923044948113,2.322384514313036,0.5430384902258112,4.9716478409084885
CAN,2004,1406270.75,5458390,100288.34433332615,1.014654517173767,5931.979248046875,4.3721462307143355,3.2663542031500015,2.7236636259999614,-0.030906202155136196,5.326289725860356,-2.968923044948113,2.322384514313036,0.5430384902258112
CAN,2005,1514082.625,5657922.5,101821.32159284675,1.0210286378860474,6134.9339599609375,7.386838508508831,3.590290088727599,1.5170047915317397,0.6262410265562753,3.3641387669151257,5.326289725860356,-2.968923044948113,2.322384514313036
CAN,2006,1522705.125,5871211.5,103981.2869030336,1.0172613859176636,6209.8048095703125,0.5678713088434151,3.700422559453642,2.099142123878117,-0.36964869709776305,1.2130150187822153,3.3641387669151257,5.326289725860356,-2.968923044948113
CAN,2007,1555354.125,6085361,106831.12671172593,1.0052270889282229,6419.912353515625,2.1214812232109637,3.5825049931238695,2.7038383348164885,-1.1900625559497233,3.327500168809472,1.2130150187822153,3.3641387669151257,5.326289725860356
CAN,2008,1620558.5,6296167.5,108856.11165228598,0.9894015192985536,6239.0577392578125,4.106759009410332,3.4055064062597395,1.8777600901103142,-1.5868519732731643,-2.8575297853191017,3.327500168809472,1.2130150187822153,3.3641387669151257
CAN,2009,1457230.625,6451458,105681.00701909684,0.9717696905136108,6473.373291015625,-10.623304065289751,2.436503682029212,-2.9601744460507007,-1.798140189932857,3.6868179180368443,-2.8575297853191017,3.327500168809472,1.2130150187822153
CAN,2010,1558715.625,6645609.5,108364.5621782794,0.9761866331100464,6805.09228515625,6.732436257779106,2.965025928433107,2.5075929266471064,0.4534958112472273,4.997385055089687,3.6868179180368443,-2.8575297853191017,3.327500168809472
CAN,2011,1649477.125,6853358.5,110360.15943041588,0.9845818281173706,7142.728515625,5.659617890968605,3.078241303212259,1.824807560561581,0.8563220465883583,4.842365101180768,4.997385055089687,3.6868179180368443,-2.8575297853191017
CAN,2012,1661054.375,7076979,112350.49265801074,0.9794318079948424,7909.1766357421875,0.6994222647167092,3.210829763909473,1.7874189663199758,-0.524439528477707,10.192883640116612,4.842365101180768,4.997385055089687,3.6868179180368443
CAN,2013,1723023,7300073,113746.65109035197,0.9841046929359436,7912.484375,3.6627739868144715,3.103722637415096,1.2350232782980086,0.4759670890449489,0.041812794544959786,10.192883640116612,4.842365101180768,4.997385055089687
CAN,2014,1780581.875,7529014.5,114311.48953930724,0.9984577298164368,7213.597778320312,3.2859900685618726,3.0879808648355933,0.49534702189752977,1.4479531622900392,-9.247398752616753,0.041812794544959786,10.192883640116612,4.842365101180768
CAN,2015,1691290.5,7728442,115925.907271007,0.9875839352607728,7281.7159423828125,-5.144835995146835,2.6143133138942787,1.4024169956128318,-1.0950327380082323,0.9398715586838691,-9.247398752616753,0.041812794544959786,10.192883640116612
CAN,2016,1711195,7902095,116945.88692235046,0.9853134751319884,6939.222290039063,1.1700109854592355,2.222062429813043,0.8760066263350907,-0.2301651488979043,-4.817683452020027,0.9398715586838691,-9.247398752616753,0.041812794544959786
CAN,2017,1796296.5,8087273.5,118345.32585325236,1,6311.543518066406,4.853508848550803,2.316373906268332,1.189551803879496,1.4795439575513574,-9.480944505487088,-4.817683452020027,0.9398715586838691,-9.247398752616753
CAN,2018,1833635,8276921,120235.61748094644,1.005790114402771,5287.187927246094,2.057329014757947,2.317938608428882,1.5846455773573354,0.5773416116027522,-17.70937394516121,-9.480944505487088,-4.817683452020027,0.9398715586838691
CAN,2019,1866214.875,8463303,121309.95931918964,1.0111830234527588,4209.112518310547,1.761191303996057,2.226848361708278,0.8895620752328526,0.5347539637636153,-22.803469955828426,-17.70937394516121,-9.480944505487088,-4.817683452020027
CHN,1980,1678407.5,2050125.625,1660159.8832652562,0.8315467834472656,5,NA,NA,NA,NA,NA,NA,NA,NA
CHN,1981,1690707.875,2201382,1749781.3710378988,0.8076105117797852,3.166599988937378,0.7301874992588608,7.118427319829657,5.25769363449573,-2.9207658541543333,-45.67794588424368,NA,NA,NA
CHN,1982,1811746.875,2373196.25,1858632.8472924964,0.8241183161735535,3,6.914420197013449,7.515233029730517,6.035033982653992,2.0234204765003314,-5.404616492355374,-45.67794588424368,NA,NA
CHN,1983,1951130,2564520,1929645.7870723272,0.8356673121452332,11.33330011367798,7.4117187763180326,7.753365135181234,3.7495266936792504,1.3916474710388482,132.91330161295855,-5.404616492355374,-45.67794588424368,NA
CHN,1984,2217259.75,2788375.5,2006425.5976576835,0.8710781931877136,11.283400058746338,12.786339468651953,8.368784158274067,3.9018373319549937,4.150116496034887,-0.4412680499038757,132.91330161295855,-5.404616492355374,-45.67794588424368
CHN,1985,2513141.5,3062348.5,2086962.2178473535,0.8782629370689392,98,12.526147757500716,9.372293706873691,3.93546949818937,0.8214274684009953,216.16348543719158,-0.4412680499038757,132.91330161295855,-5.404616492355374
CHN,1986,2591463,3355765.75,2163054.2945803604,0.8824622631072998,40.04170036315918,3.0689016921396473,9.149788055179187,3.5811723812257057,0.47700049958858404,-89.50460585128664,216.16348543719158,-0.4412680499038757,132.91330161295855
CHN,1987,2727283.75,3667099,2235159.623470241,0.9006011486053467,64.49999809265137,5.10835694220777,8.8720900459208,3.2791397239989806,2.0346456702911464,47.6743774072724,-89.50460585128664,216.16348543719158,-0.4412680499038757
CHN,1988,2899746.5,4025249,2330287.855780507,0.881168007850647,75.79999923706055,6.131716885623284,9.318588604066491,4.1679157787752885,-2.1814174183502955,16.143308835273196,47.6743774072724,-89.50460585128664,216.16348543719158
CHN,1989,2904513.25,4280796,2447381.0673663933,0.83893221616745,51.91780090332031,0.16425009482556874,6.1552201298631815,4.902669752431343,-4.91183970764186,-37.8436566567391,16.143308835273196,47.6743774072724,-89.50460585128664
CHN,1990,2856361.25,4507292,2552045.1490090718,0.8049317002296448,87.13329601287842,-1.671729575314096,5.15575561075039,4.187655621950448,-4.137248260080065,51.77773681918234,-37.8436566567391,16.143308835273196,47.6743774072724
CHN,1991,3006093.75,4792657,2659033.8755158926,0.7981759905815125,57.69440078735352,5.109295389557822,6.138842520392451,4.106779518150994,-0.8428316673485231,-41.227895548276194,51.77773681918234,-37.8436566567391,16.143308835273196
CHN,1992,3285450.5,5221935,2737899.0409520147,0.813217043876648,93.72020149230956,8.886230257311034,8.578306794011858,2.9228000778203977,1.8668927846140548,48.515363485173424,-41.227895548276194,51.77773681918234,-37.8436566567391
CHN,1993,3587539.75,5844427,2815465.9681129465,0.8367893695831299,97.576202392578125,8.796288012140785,11.262053475083178,2.7936925402393342,2.857434902041678,4.031987216671773,48.515363485173424,-41.227895548276194,51.77773681918234
CHN,1994,3854175,6537489.5,2899373.720300165,0.8478583693504333,102.31079864501952,7.169031516652957,11.20646656590889,2.9366976846715076,1.3141214990613492,4.738159024572042,4.031987216671773,48.515363485173424,-41.227895548276194
CHN,1995,4257891,7287129,2992662.466106432,0.8690774440765381,107.16390228271484,9.96169909406639,10.855641801858518,3.166869291998786,2.471863534215041,4.6344233503237575,4.738159024572042,4.031987216671773,48.515363485173424
CHN,1996,4580774.5,8110573,3091849.7658062675,0.8739957809448242,139.30879783630374,7.309412136205928,10.70588778558701,3.2606093440296746,0.5643308439949757,26.233357677442815,4.6344233503237575,4.738159024572042,4.031987216671773
CHN,1997,4742227.5,8979761,3207111.0069193025,0.866998016834259,207.69140625000009,3.463887339719207,10.180474811494022,3.6600992543117883,-0.8038858960104672,39.93603179770169,26.233357677442815,4.6344233503237575,4.738159024572042
CHN,1998,4759017.5,10003681,3333472.1303055463,0.8142955303192139,259.43299865722656,0.3534277345158543,10.797985800126142,3.864390849446764,-6.271332991687598,22.244512102532,39.93603179770169,26.233357677442815,4.6344233503237575
CHN,1999,5037556.5,11063193,3455179.226419109,0.8024078011512756,394.3029937744141,5.687990371546547,10.067052717792535,3.585988782973537,-1.4706400599909408,41.86211582167773,22.244512102532,39.93603179770169,26.233357677442815
CHN,2000,5420106.5,12185232,3558246.0672696973,0.8097211122512817,650.1347808837891,7.319432161420458,9.660107425916564,2.9393415344705076,0.9072923644254355,50.006006311460816,41.86211582167773,22.244512102532,39.93603179770169
CHN,2001,5898086,13473339,3639501.897553822,0.8182186484336853,831.9464111328125,8.45124267957491,10.04881171921923,2.2579085228494833,1.0439714742137507,24.658833245028333,50.006006311460816,41.86211582167773,22.244512102532
CHN,2002,6458509,14960161,3720401.350426813,0.8457902073860168,1202.9842224121094,9.077059470063631,10.467789062936106,2.19847214113873,3.3141749781296053,36.87925716360931,24.658833245028333,50.006006311460816,41.86211582167773
CHN,2003,7056661.5,16804928,3806050.683247627,0.8535131812095642,1680.2742309570312,8.857357810884636,11.628144220822989,2.2760533090675494,0.9089638788419702,33.41516911020443,36.87925716360931,24.658833245028333,50.006006311460816
CHN,2004,7876309.5,18906530,3912170.1181727815,0.8735721707344055,2136.2900390625,10.9887392291812,11.783518831006745,2.750015201184297,2.3229762810066252,24.011368515112608,33.41516911020443,36.87925716360931,24.658833245028333
CHN,2005,8767904,21265522,4008064.578952896,0.8945879936218262,3468.9679565429688,10.723832463856553,11.757971074383278,2.421623869839884,2.3772521323901312,48.47864328995062,24.011368515112608,33.41516911020443,36.87925716360931
CHN,2006,9562662,23925228,4027138.0189508544,0.9367856979370116,4074.01513671875,8.676835894501522,11.784639129153973,0.47474785083565507,4.609127527098471,16.077190238437744,48.47864328995062,24.011368515112608,33.41516911020443
CHN,2007,10522240,26898422,4005948.53544333,0.982746720314026,5512.55517578125,9.562497221469357,11.713415610291378,-0.5275564382072773,4.789688180900008,30.239921669320502,16.077190238437744,48.47864328995062,24.011368515112608
CHN,2008,11210087,30215794,3999407.621974816,0.9885371923446656,6508.753662109375,6.332288558137478,11.629714462973695,-0.16341346457195982,0.5874839892605189,16.611973820395853,30.239921669320502,16.077190238437744,48.47864328995062
CHN,2009,12166251,34513832,4044690.271659486,1.0005064010620115,8479.64208984375,8.185180897146438,13.299540341674998,1.1258721267106253,1.2035284930994155,26.45202543878966,16.611973820395853,30.239921669320502,16.077190238437744
CHN,2010,13847619,39311248,4142325.912591208,1.0307177305221558,9492.501708984377,12.944749754399254,13.015051535315436,2.3852467800395516,2.9749112436608804,11.283395063228241,26.45202543878966,16.611973820395853,30.239921669320502
CHN,2011,14969009,44421292,4232411.097227963,1.030623435974121,11016.474853515623,7.786869267833296,12.220821746386079,2.151438530091454,-0.009148854118187083,14.888967314036883,11.283395063228241,26.45202543878966,16.611973820395853
CHN,2012,15920895,49921088,4322569.747651173,0.9987826347351074,14241.21533203125,6.165040025351232,11.67246146548706,2.1078244381877553,-3.138200363559755,25.674838239314823,14.888967314036883,11.283395063228241,26.45202543878966
CHN,2013,16563043,55871108,4390170.700216878,1.0133823156356812,16143.20166015625,3.9541490685692793,11.260387633123159,1.5518035810590192,1.4511670236062317,12.535876251634015,25.674838239314823,14.888967314036883,11.283395063228241
CHN,2014,17369238,62120152,4457352.237294368,1.0280733108520508,19158.4287109375,4.7526822436857685,10.602305012780988,1.5186810765410286,1.439291516850548,17.124374914719986,12.535876251634015,25.674838239314823,14.888967314036883
CHN,2015,17985756,68791656,4497835.419757292,1.0185445547103882,21355.0126953125,3.4879400741782973,10.201201336012744,0.9041342245556194,-0.931177740062544,10.854373842616205,17.124374914719986,12.535876251634015,25.674838239314823
CHN,2016,18591710,75896304,4540507.077352714,1.0145113468170166,24762.70751953125,3.3135671147807244,9.828552904910737,0.9442433644759163,-0.39676362871113763,14.805229360230854,10.854373842616205,17.124374914719986,12.535876251634015
CHN,2017,19687162,83349168,4590892.226013073,1,28796.70068359375,5.72509657433713,9.367063957964561,1.103569307135821,-1.440706486092513,15.092202859745285,14.805229360230854,10.854373842616205,17.124374914719986
CHN,2018,19729128,91322456,4635109.980069386,0.9671286344528198,23884.44873046875,0.21293742184731457,9.135808859370442,0.9585536972132047,-3.3423768122609547,-18.70332545626532,15.092202859745285,14.805229360230854,10.854373842616205
CHN,2019,20257660,99608664,4676127.677439102,0.9645727276802064,17004.504760742188,2.643687122783689,8.685243302203816,0.8810421171984828,-0.26462768150961946,-33.97492715396986,-18.70332545626532,15.092202859745285,14.805229360230854
DEU,1980,1725220,9405265,216120.3460321953,0.7319550514221191,10815.7138671875,NA,NA,NA,NA,NA,NA,NA,NA
DEU,1981,1689161.375,9679897,214571.5060952121,0.7303601503372192,10892.6533203125,-2.1122400620589232,2.878162187810318,-0.7192365521351718,-0.2181337806500927,0.7088490315549478,NA,NA,NA
DEU,1982,1650756.875,9911905,213105.49846635817,0.7241775989532471,10863.755859375,-2.2998283105106765,2.3685299202693244,-0.6855703510630917,-0.8501104382788505,-0.2656456558835174,0.7088490315549478,NA,NA
DEU,1983,1650723.375,10154795,211556.50516236195,0.7316907644271851,12314.72216796875,-0.0020293927246228805,2.4209447789935723,-0.7295214361345614,1.0321307008982095,12.536337274030274,-0.2656456558835174,0.7088490315549478,NA
DEU,1984,1666047.875,10390023,212889.92820087436,0.7418370246887207,13417.40087890625,0.9240678896151877,2.290001104703876,0.6283136435667913,1.377160403101585,8.575696673205613,12.536337274030274,-0.2656456558835174,0.7088490315549478
DEU,1985,1668138.75,10619198,213526.88357169105,0.7497251033782959,13873.154296875,0.12542041038781093,2.1817476295726834,0.2987479981882757,1.0577034747701441,3.3403189542621448,8.575696673205613,12.536337274030274,-0.2656456558835174
DEU,1986,1800300,10856632,215160.4013557089,0.7553648352622986,14214.85205078125,7.624483375119873,2.2112642421028283,0.762105967564608,0.7494247532845277,2.43317099486422,3.3403189542621448,8.575696673205613,12.536337274030274
DEU,1987,1879877.625,11096055,215647.10002740243,0.7572083473205566,15521.58984375,4.32533639566639,2.1813502248985372,0.22594726284452804,0.24375851592559616,8.794461081051175,2.43317099486422,3.3403189542621448,8.575696673205613
DEU,1988,1979925.375,11357135,217965.3563521724,0.7714599370956421,15900.83349609375,5.185247296413742,2.325654103941943,1.0692858930614335,1.8646298663134941,2.4139581095644402,8.794461081051175,2.43317099486422,3.3403189542621448
DEU,1989,2064584.25,11654764,217798.45407933855,0.7925835847854614,16335.236328125,4.186971982167442,2.586884268162848,-0.0766021762247604,2.70132280821819,2.6952983550753373,2.4139581095644402,8.794461081051175,2.43317099486422
DEU,1990,2221450.25,11994386,214770.0690889644,0.8307945728302002,15253.97412109375,7.323137394084078,2.872368352404564,-1.4002102818357898,4.708458956744893,-6.8484445332829935,2.6952983550753373,2.4139581095644402,8.794461081051175
DEU,1991,2344616.25,12352928,206800.27958073476,0.8831188678741455,15375.4521484375,5.39614940865718,2.945441300750673,-3.781451519315482,6.107725022958296,0.7932154080487308,-6.8484445332829935,2.6952983550753373,2.4139581095644402
DEU,1992,2428830,12723940,205984.9924313116,0.8914622068405151,15845.978515625,3.52879174702192,2.9592138383492284,-0.3950180710610596,0.9403233881195974,3.0143525430265328,0.7932154080487308,-6.8484445332829935,2.6952983550753373
DEU,1993,2454800,13036701,200705.31883431145,0.8915642499923706,16673.58935546875,1.0635631611256358,2.4283275315884367,-2.596555699280323,0.011446061450835765,5.091024513063047,3.0143525430265328,0.7932154080487308,-6.8484445332829935
DEU,1994,2551067,13370675,201411.81524622408,0.9037916660308838,17750.4150390625,3.846641149208452,2.5295342309128444,0.3513887268084659,1.3621371658766397,6.258290628092844,5.091024513063047,3.0143525430265328,0.7932154080487308
DEU,1995,2642739.75,13694340,202442.32301498015,0.90735626220703125,19126.7783203125,3.5304460098608104,2.391873278012824,0.5103377223157679,0.39362889393713546,7.468046132802364,6.258290628092844,5.091024513063047,3.0143525430265328
DEU,1996,2678939.75,14006530,201351.28790569425,0.9101287126541138,21668.75390625,1.3604937451100696,2.2541040660044587,-0.5403937728882369,0.30508671442997237,12.478195126383085,7.468046132802364,6.258290628092844,5.091024513063047
DEU,1997,2767329.5,14313491,200729.57252728957,0.919816792011261,23728.3916015625,3.2461675178796057,2.1678869649448984,-0.3092491760074978,1.0588479108164655,9.080097831163236,12.478195126383085,7.468046132802364,6.258290628092844
DEU,1998,2862586,14640344,203478.3143722613,0.9195457696914672,25862.1767578125,3.3842636343784704,2.257848643272453,1.3600844053089034,-0.029469157130641854,8.610925547000647,9.080097831163236,12.478195126383085,7.468046132802364
DEU,1999,2978213,14985024,205622.6818815778,0.9193646907806396,26866.41796875,3.959804411997858,2.327029684407833,1.0483412008738924,-0.019694152086807692,3.8095559551404534,8.610925547000647,9.080097831163236,12.478195126383085
DEU,2000,3035471.75,15329394,207045.15812307585,0.930682361125946,27398.6044921875,1.9043392788603342,2.2720859400752857,0.6894076725080467,1.2235160744084081,1.9614977099587705,3.8095559551404534,8.610925547000647,9.080097831163236
DEU,2001,3076616,15626026,205653.74813724365,0.9415642023086548,26880.40625,1.3463442666287406,1.9165695696980123,-0.674300433941788,1.1624498538411014,-1.9094452146935836,1.9614977099587705,3.8095559551404534,8.610925547000647
DEU,2002,3065723,15849997,203712.2248960346,0.9395103454589844,25986.5615234375,-0.35468610311788495,1.4231453582144837,-0.948558466837568,-0.2183706826794335,-3.381808909018602,-1.9094452146935836,1.9614977099587705,3.8095559551404534
DEU,2003,3140563.5,16049977,201310.5500299169,0.9355712532997132,25869.201171875,2.411881177725128,1.2538105504368957,-1.1859594888806058,-0.42015216367533514,-0.452642274804127,-3.381808909018602,-1.9094452146935836,1.9614977099587705
DEU,2004,3231047.25,16240581,202447.26159518023,0.9387770891189576,27010.4169921875,2.8404068272744,1.180569340246862,0.5630675299761023,0.34207504259390065,4.316948895272965,-0.452642274804127,-3.381808909018602,-1.9094452146935836
DEU,2005,3391866.5,16430068,201251.8812620506,0.9435347318649292,27244.037109375,4.857404915295227,1.1599960855491531,-0.5922151919142138,0.5055116611828447,0.8612069367480046,4.316948895272965,-0.452642274804127,-3.381808909018602
DEU,2006,3470312,16668043,206043.23472338752,0.9579256176948548,27794.9208984375,2.286414361763889,1.4380222539344345,2.352875992547254,1.513695577307058,2.0018627019601,0.8612069367480046,4.316948895272965,-0.452642274804127
DEU,2007,3665398.5,16914972,209980.93129095712,0.9671432971954346,28368.4345703125,5.469255720782051,1.4705853545304848,1.8930699151777475,0.9576540221893449,2.0423765737378474,2.0018627019601,0.8612069367480046,4.316948895272965
DEU,2008,3750630.75,17154732,212302.83804495537,0.9624969959259032,28180.0458984375,2.298696516900911,1.407490702502301,1.0997013489062013,-0.48157268124449715,-0.6662933018441564,2.0423765737378474,2.0018627019601,0.8612069367480046
DEU,2009,3498118,17295962,207029.00829462215,0.919466197490692,28352.466796875,-6.9698916248803755,0.8199009933836265,-2.5154816571124172,-4.573766350968379,0.6099903395343276,-0.6662933018441564,2.0423765737378474,2.0018627019601
DEU,2010,3672402,17477198,211640.2264556134,0.9405274987220764,29848.9658203125,4.862083430076325,1.0423996040877626,2.2028867903065574,2.264760518952254,5.143615472888463,0.6099903395343276,-0.6662933018441564,2.0423765737378474
DEU,2011,3861188.25,17712054,215044.5276871674,0.9618883728981018,30067.259765625,5.0129029002038195,1.3348364846581973,1.5957324166782527,2.2457520723530044,0.7286670982594501,5.143615472888463,0.6099903395343276,-0.6662933018441564
DEU,2012,3830993.25,17933932,214670.9833415167,0.962068498134613,30161.974609375,-0.785086911737487,1.2449136099942137,-0.1738566238143946,0.018724456847186294,0.31451477943917894,0.7286670982594501,5.143615472888463,0.6099903395343276
DEU,2013,3839727.75,18135414,214682.9641022084,0.9622198343276978,30696.833984375,0.2277361873813888,1.1172040416351336,0.005580831743223769,0.015729055863793195,1.7577509600615215,0.31451477943917894,0.7286670982594501,5.143615472888463
DEU,2014,3973957.75,18358108,217153.84221017337,0.9715642929077148,30583.2822265625,3.43610468189528,1.2204728514969787,1.144369834594805,0.9664503065643444,-0.3705994531255641,1.7577509600615215,0.31451477943917894,0.7286670982594501
DEU,2015,3931076.75,18586276,218407.30650126407,0.9770134091377258,30458.5400390625,-1.0849141924474281,1.2352129138516688,0.5755645356051886,0.5592931119669634,-0.40871113120850566,-0.3705994531255641,1.7577509600615215,0.31451477943917894
DEU,2016,4048522.75,18837422,219615.50871968377,0.9893778562545776,29650.1826171875,2.9438690950239987,1.3421964355298854,0.5516631739526545,1.2575940802383534,-2.6898131366545286,-0.40871113120850566,-0.3705994531255641,1.7577509600615215
DEU,2017,4236518.5,19098608,222624.79238775137,1,27451.4296875,4.538976196563382,1.377002954838602,1.360947931774703,1.0678961422837976,-7.705003458788262,-2.6898131366545286,-0.40871113120850566,-0.3705994531255641
DEU,2018,4263030.5,19377568,226187.2111613228,0.9956544637680054,19372.75,0.6238468884378179,1.450065557640201,1.5875215290803268,-0.4355005517271849,-34.85508104689288,-7.705003458788262,-2.6898131366545286,-0.40871113120850566
DEU,2019,4275312,19665420,228222.43895677576,0.9888983964920044,11491.470703125,0.2876789838321514,1.4745655005892644,0.8957738481031541,-0.6808680696954913,-52.22623572627718,-34.85508104689288,-7.705003458788262,-2.6898131366545286
FRA,1980,1377955.5,7723488.5,105868.64895273613,0.8441097736358643,4057.055541992188,NA,NA,NA,NA,NA,NA,NA,NA
FRA,1981,1350791.625,7949945,105355.7590628845,0.8463247418403625,4361.868896484375,-1.991006941106832,2.889887019451365,-0.4856360140186311,0.26205918677451034,7.244313696084603,NA,NA,NA
FRA,1982,1348468.625,8160763,102212.22145478896,0.8768323659896851,4413.215087890625,-0.1721212745977141,2.617265910334865,-3.0291550427628877,3.5412687722288476,1.170285720663955,7.244313696084603,NA,NA
FRA,1983,1329259.5,8347086,101963.91713809264,0.8813790082931519,4695.590576171875,-1.4347576470351342,2.2574826411769777,-0.2432257175779995,0.5171906523487646,6.202042436376409,1.170285720663955,7.244313696084603,NA
FRA,1984,1315406.5,8521468,101846.00210237985,0.8878604769706726,4958.380859375,-1.047627692853581,2.0676130550251415,-0.11571080476215911,0.7326874317374485,5.445535473012519,6.202042436376409,1.170285720663955,7.244313696084603
FRA,1985,1294101,8698795,100424.76914002598,0.9025288820266724,5405.759521484375,-1.6329497752579414,2.0595883851918018,-1.4053007690000285,1.6386081821670493,8.638571543095708,5.445535473012519,6.202042436376409,1.170285720663955
FRA,1986,1365869.875,8887169,101509.29685416608,0.9083883166313172,5654.039794921875,5.397525114521962,2.1424040795935184,1.0741507496646818,0.6471256727822436,4.490533438008093,8.638571543095708,5.445535473012519,6.202042436376409
FRA,1987,1406153.625,9092141,104029.70175533328,0.9074730277061462,6108.88818359375,2.906655456052576,2.2801862892531943,2.452606325886997,-0.10081045070325922,7.7374492334239875,4.490533438008093,8.638571543095708,5.445535473012519
FRA,1988,1477762.25,9331721,106505.19564023176,0.924843966960907,6358.4716796875,4.967089902874378,2.600904257502279,2.3517317145294925,1.8961194755645006,4.004325659200703,7.7374492334239875,4.490533438008093,8.638571543095708
FRA,1989,1532214.375,9600979,107688.86133857748,0.9448515176773072,6710.337646484375,3.61850426735586,2.8445615856842466,1.1052386459875052,2.140275208042229,5.386122307196928,4.004325659200703,7.7374492334239875,4.490533438008093
FRA,1990,1581094.75,9881229,109009.92711407912,0.9511014223098756,6644.193115234375,3.140349386431396,2.8771824295258597,1.2192796749534551,0.6592913926500903,-0.9906012172368861,5.386122307196928,4.004325659200703,7.7374492334239875
FRA,1991,1586835.25,10141223,109006.26992393356,0.9489753246307372,6690.8212890625,0.3624137075727063,2.5971705593708094,-0.003354971048530331,-0.22379080949170016,0.6993372853198565,-0.9906012172368861,5.386122307196928,4.004325659200703
FRA,1992,1615930,10378971,108444.24719751671,0.9562434554100036,6561.03173828125,1.816901839793239,2.3173137545867917,-0.5169212612866403,0.7629744272606216,-1.9588762525506453,0.6993372853198565,-0.9906012172368861,5.386122307196928
FRA,1993,1612599,10569411,107107.92635235378,0.9497119784355164,6838.25927734375,-0.20634791770088867,1.8182334707297798,-1.2399206592487388,-0.68537830697772,4.138533986330195,-1.9588762525506453,0.6993372853198565,-0.9906012172368861
FRA,1994,1645412.25,10762340,107811.49177446576,0.9600873589515686,7172.954345703125,2.014379757114426,1.8088928625896727,0.6547271917449748,1.0865521197750985,4.77844047521323,4.138533986330195,-1.9588762525506453,0.6993372853198565
FRA,1995,1682645,10953105,107815.09869088208,0.9722467064857484,7648.250732421875,2.23759993780579,1.7569974501373764,0.003345520985043038,1.258530628263002,6.415934688099867,4.77844047521323,4.138533986330195,-1.9588762525506453
FRA,1996,1720381.5,11140189,108567.09791094191,0.9734165668487548,8071.679443359375,2.217910845523008,1.6936222533569634,0.6950685032480308,0.12025313115743494,5.388461082952389,6.415934688099867,4.77844047521323,4.138533986330195
FRA,1997,1819024.125,11323192,109704.47155535466,0.9811744093894958,8614.34765625,5.575409367333961,1.6293811581164164,1.042173235471644,0.7938114288373769,6.506757516921091,5.388461082952389,6.415934688099867,4.77844047521323
FRA,1998,1921072.875,11534435,111323.41442813654,0.9965274930000304,9078.07568359375,5.45836568079352,1.8483897239942593,1.464948025495083,1.5526497723572497,5.24330957719954,6.506757516921091,5.388461082952389,6.415934688099867
FRA,1999,2011288.125,11779616,113829.73026511776,1.004153609275818,9369.0029296875,4.589155598029038,2.103367100401954,2.2264129328380733,0.7623556999687638,3.154443863570755,5.24330957719954,6.506757516921091,5.388461082952389
FRA,2000,2128715.25,12052053,115473.45702264868,1.0214470624923706,9011.2783203125,5.674325370963018,2.2864438799704345,1.4336956518720356,1.7075303772809285,-3.8929740164494575,3.154443863570755,5.24330957719954,6.506757516921091
FRA,2001,2185648.25,12322481,116157.3268896082,1.0254541635513306,8615.83642578125,2.639383774073245,2.2190298832558852,0.590484427379856,0.3915290221998151,-4.487498476794549,-3.8929740164494575,3.154443863570755,5.24330957719954
FRA,2002,2197271.75,12568634,114778.10850460366,1.0348200798034668,8689.73974609375,0.5304010682312565,1.9779027555753004,-1.194476526498356,0.9091974819309817,0.8541035426288701,-4.487498476794549,-3.8929740164494575,3.154443863570755
FRA,2003,2144133.75,12813933,115771.46997635068,1.0284968614578247,9050.80078125,-2.4480852492368754,1.9328749289950764,0.8617388290060646,-0.612919713357911,4.071024775038978,0.8541035426288701,-4.487498476794549,-3.8929740164494575
FRA,2004,2188098.25,13072357,118423.89857930636,1.0332629680633545,9217.607421875,2.029716291520245,1.9966753479241817,2.265238666792868,0.4623346547976359,1.826226726747926,4.071024775038978,0.8541035426288701,-4.487498476794549
FRA,2005,2372596.75,13341555,119947.26547824508,1.032423734664917,9617.9423828125,8.095224286513414,2.038375238450385,1.2781643655001673,-0.08125466882302618,4.251484709861231,1.826226726747926,4.071024775038978,0.8541035426288701
FRA,2006,2432615.5,13627169,120515.79836885713,1.0443789958953855,9934.65673828125,2.4981985526524753,2.1181920129304643,0.472865928673194,1.1513268078279397,3.2398972375668578,4.251484709861231,1.826226726747926,4.071024775038978
FRA,2007,2546277.75,13941623,124693.53655144638,1.0364830493927002,10386.69482421875,4.5665570914286135,2.281330556179384,3.4078168225013528,-0.7589147409253885,4.449631860811998,3.2398972375668578,4.251484709861231,1.826226726747926
FRA,2008,2568574.25,14244773,126528.6004112499,1.0192081928253174,11035.71337890625,0.8718391550809557,2.1511206305120822,1.4609353463072239,-1.6807254772795113,6.061104128898265,4.449631860811998,3.2398972375668578,4.251484709861231
FRA,2009,2487517.5,14461299,124904.8027783139,0.992171823978424,11114.7734375,-3.2065753228527782,1.5086014313713036,-1.291650343940809,-2.6885021330487686,0.7138479165405442,6.061104128898265,4.449631860811998,3.2398972375668578
FRA,2010,2591608.5,14687638,126487.43874274388,0.9970264434814452,11278.880859375,4.099350021367698,1.5530140884237653,1.2591135379684815,0.48809907192237717,1.4656862835767726,0.7138479165405442,6.061104128898265,4.449631860811998
FRA,2011,2665867.25,14921119,128862.98626331727,1.0002549886703491,12053.90087890625,2.8250701402923184,1.5771404358336127,1.8606713159787347,0.32329424876950663,6.645630538638514,1.4656862835767726,0.7138479165405442,6.061104128898265
FRA,2012,2701083,15147027,129725.70237794708,0.9923776984214784,12233.1748046875,1.3123376879493165,1.5026683111241113,0.6672521679277565,-0.7906455951784405,1.4763175623770053,6.645630538638514,1.4656862835767726,0.7138479165405442
FRA,2013,2675257,15357736,129319.37215983692,0.994069278240204,12629.1220703125,-0.9607353198397561,1.38150459478652,-0.3137141689199652,0.17031214499916603,3.1853914926948335,1.4763175623770053,6.645630538638514,1.4656862835767726
FRA,2014,2680612.5,15560292,129880.7534439237,0.9949484467506408,12900.64697265625,0.19998626870663117,1.3102963618642605,0.4331650384463259,0.08840228587670557,2.1272040538592663,3.1853914926948335,1.4763175623770053,6.645630538638514
FRA,2015,2730343.75,15760554,131148.04897192254,0.9938085079193116,12458.18408203125,1.8382203834555355,1.2787951455166535,0.9710081596919551,-0.11463833763036296,-3.4899700095746056,2.1272040538592663,3.1853914926948335,1.4763175623770053
FRA,2016,2765765.25,15971412,133141.17697803554,0.9886794686317444,11420.80322265625,1.2889842771699023,1.329013800189216,1.508321639490262,-0.5174357465931332,-8.694122644538993,-3.4899700095746056,2.1272040538592663,3.1853914926948335
FRA,2017,2869816.5,16207717,133920.5675514665,1,10415.73095703125,3.693073065246466,1.4687112742503672,0.5836798434060597,1.13850963189972,-9.211928113345103,-8.694122644538993,-3.4899700095746056,2.1272040538592663
FRA,2018,2902140.75,16456631,135300.88609662873,1.0033658742904663,7679.296142578125,1.1200563874403713,1.5241009451667509,1.0254239559383649,0.3360222414382077,-30.47893604966827,-9.211928113345103,-8.694122644538993,-3.4899700095746056
FRA,2019,2946958.25,16726649,138698.89429796202,0.9943860173225404,4430.23193359375,1.5324882386137162,1.6274699779685875,2.480427111214034,-0.899002272030004,-55.007595695823674,-30.47893604966827,-9.211928113345103,-8.694122644538993
GBR,1980,1246676.5,5801163.5,132877.16310737722,0.8500968217849731,3565.171508789063,NA,NA,NA,NA,NA,NA,NA,NA
GBR,1981,1220936.75,5878170,127570.78833788882,0.858379065990448,3772.94287109375,-2.0862818442751063,1.3186988097880104,-4.075370261428901,0.9695552796265855,5.664313759415407,NA,NA,NA
GBR,1982,1222761.375,5979037,125859.18886388012,0.875592827796936,3848.947631835938,0.14933312101153007,1.7014029225078886,-1.350767985168666,1.9855370652544224,1.994446919412951,5.664313759415407,NA,NA
GBR,1983,1250671.125,6099056.5,125411.59549636077,0.9057994484901428,4186.38330078125,2.2568584039850847,1.9874568879723498,-0.35626413319711503,3.3916747828522222,8.40374185923558,1.994446919412951,5.664313759415407,NA
GBR,1984,1266116.875,6256941,129444.74448139912,0.8983264565467834,4231.2642822265625,1.2274330551370838,2.555732044759118,3.165301454598435,-0.8284382661269157,1.0663645941251687,8.40374185923558,1.994446919412951,5.664313759415407
GBR,1985,1287015.5,6426020.5,132039.325597306,0.9117894172668456,4496.7357177734375,1.6371334267166304,2.666404332079253,1.9845692865429143,1.4875521696920788,6.085090441072083,1.0663645941251687,8.40374185923558,1.994446919412951
GBR,1986,1301847.875,6596319,133271.60774028703,0.92268168926239,4811.0059814453125,1.145872542887716,2.6156315318409895,0.9289409892941691,1.1875248359277086,6.755446850288038,6.085090441072083,1.0663645941251687,8.40374185923558
GBR,1987,1359725.25,6806586,137180.5412902205,0.9414405226707458,4799.60302734375,4.349795979754489,3.137890669989396,2.890866860126451,2.0126863503157435,-0.23729941447143688,6.755446850288038,6.085090441072083,1.0663645941251687
GBR,1988,1408895.25,7087939,143263.94394144794,0.9511447548866272,5142.3466796875,3.5523229366962283,4.050393429910137,4.3390812860440775,1.0255091147336888,6.89763158900174,-0.23729941447143688,6.755446850288038,6.085090441072083
GBR,1989,1430370.25,7390801.5,148387.20170722445,0.9348752498626708,5055.52685546875,1.512744019585277,4.18415792829272,3.513639438614824,-1.7253166522087229,-1.702745608276679,6.89763158900174,-0.23729941447143688,6.755446850288038
GBR,1990,1445536.75,7647216,149060.9018549429,0.920073628425598,4826.011962890625,1.0547379037152638,3.4105473580426704,0.45298745674546836,-1.5959400042156249,-4.646162562273659,-1.702745608276679,6.89763158900174,-0.23729941447143688
GBR,1991,1401682.75,7835370.5,144306.01446790525,0.9148064851760864,4781.36572265625,-3.0807226753733374,2.430650246676258,-3.241881450113837,-0.5741146440991413,-0.9294224310405497,-4.646162562273659,-1.702745608276679,6.89763158900174
GBR,1992,1399794.875,8027692.5,141678.5772662832,0.9176002144813538,5074.66845703125,-0.1347771096886774,2.424896426147427,-1.8375193672449441,0.30492482596184145,5.953497239886474,-0.9294224310405497,-4.646162562273659,-1.702745608276679
GBR,1993,1438639.75,8219691,141390.5585494311,0.9311479926109314,5258.457763671875,2.737234107027753,2.363549035811374,-0.2034971530294527,1.4656426001316183,3.5576588804968168,5.953497239886474,-0.9294224310405497,-4.646162562273659
GBR,1994,1479402.125,8452176,144752.8059162913,0.9409600496292114,5644.38916015625,2.7939987464174365,2.7891305890095808,2.3501520820987665,1.0482457896695594,7.082419980472743,3.5576588804968168,5.953497239886474,-0.9294224310405497
GBR,1995,1626361,8693445,148123.52809390193,0.9390386939048768,6023.000244140625,9.470696713988325,2.8145370389129454,2.3019074087486047,-0.20439975291290657,6.492353185656086,7.082419980472743,3.5576588804968168,5.953497239886474
GBR,1996,1724950,8959383,150948.14522843124,0.9365905523300172,6401.9609375,5.885306085237474,3.0132069608757917,1.888979383206646,-0.2610476425476946,6.101882532388103,6.492353185656086,7.082419980472743,3.5576588804968168
GBR,1997,1829166.375,9163011,155122.59164552958,0.956074059009552,6660.822021484375,5.86622657238749,2.2473473453921144,2.7279349400554764,2.0589168133949896,3.963856366497609,6.101882532388103,6.492353185656086,7.082419980472743
GBR,1998,1879454.625,9404180,157867.104169104,0.9664078950881958,7435.531494140625,2.7121311391749003,2.5979434823245384,1.7537848085458663,1.0750619099318528,11.002715919777017,3.963856366497609,6.101882532388103,6.492353185656086
GBR,1999,1958917.875,9640411,160801.85216951714,0.9739572405815125,7732.5517578125,4.141057451311525,2.4809471282594586,1.8419308906377552,0.7781405105053772,3.916885631362277,11.002715919777017,3.963856366497609,6.101882532388103
GBR,2000,2075158.75,9890288,162682.4345106218,0.9869716167449952,8253.26611328125,5.7645440595592845,2.5589522965802303,1.16271708085538,1.327388008419035,6.517009542420915,3.916885631362277,11.002715919777017,3.963856366497609
GBR,2001,2121908.25,10140705,165138.85944962653,0.9920658469200134,7682.66796875,2.227814496492009,2.5004256839203265,1.4986646444812735,0.5148201102797441,-7.164213592340829,6.517009542420915,3.916885631362277,11.002715919777017
GBR,2002,2123617,10387785,165560.80901041502,1.0005724430084229,7236.069580078125,0.0804965224158849,2.407307425489691,0.2551860978460496,0.8538075182045763,-5.988869528990115,-7.164213592340829,6.517009542420915,3.916885631362277
GBR,2003,2166739.25,10635793,167068.31880529644,1.0175020694732666,7383.059326171875,2.010262070296953,2.3594414359255467,0.9064270025348264,1.6778392987479753,2.0109912247498585,-5.988869528990115,-7.164213592340829,6.517009542420915
GBR,2004,2220801.25,10881525,169453.41402765777,1.022314190864563,6826.337890625,2.4644666518049974,2.2841386059170077,1.417522214661382,0.4718199782902388,-7.839974576448938,2.0109912247498585,-5.988869528990115,-7.164213592340829
GBR,2005,2377112.25,11144025,172594.8416430432,1.0304566621780396,7018.3203125,6.801835646347598,2.3837082787927955,1.8368846460001365,0.7933193328042303,2.7735567893564905,-7.839974576448938,2.0109912247498585,-5.988869528990115
GBR,2006,2415816.25,11415205,174907.25026219577,1.0383824110031128,7802.92724609375,1.6150811062733084,2.4042758811962273,1.3308942913457855,0.7662062944055525,10.59750335693419,2.7735567893564905,-7.839974576448938,2.0109912247498585
GBR,2007,2412173.5,11698124,177952.7436137024,1.0403612852096558,7933.888671875,-0.15090134320399073,2.448224842062885,1.7262194805416797,0.1903914184240088,1.664433896253037,10.59750335693419,2.7735567893564905,-7.839974576448938
GBR,2008,2496842.75,11934048,180449.67890409823,1.0197243690490725,8028.327392578125,3.4498825459317928,1.9967004146234757,1.393392194129639,-2.0035678096182066,1.1832921224240067,1.664433896253037,10.59750335693419,2.7735567893564905
GBR,2009,2321851.75,12079841,176743.07086952208,0.984758198261261,8131.55126953125,-7.266199832900533,1.2142538954918791,-2.0754850662703106,-3.4891516300860057,1.2775501978460113,1.1832921224240067,1.664433896253037,10.59750335693419
GBR,2010,2481864.75,12244237,179052.2685432645,0.9909491539001464,8644.078125,6.664515753786837,1.3517347146915881,1.2980665244230138,0.6267098105764136,6.112276324627963,1.2775501978460113,1.1832921224240067,1.664433896253037
GBR,2011,2517183.5,12393157,180152.3261978937,0.994721293449402,9103.6650390625,1.413042479411608,1.2089088129052072,0.6124983420734864,0.37993656922431696,5.180260732062081,6.112276324627963,1.2775501978460113,1.1832921224240067
GBR,2012,2585394.25,12549945,184345.68767658365,0.989591658115387,9321.12548828125,2.673739309112122,1.2571817653714845,2.3009982690087583,-0.5170199344451584,2.360629796623037,5.180260732062081,6.112276324627963,1.2775501978460113
GBR,2013,2685292,12724573,188195.8911251606,0.9925957918167114,10223.02099609375,3.7911463537462,1.381872278335905,2.067066205978385,0.3031132097554572,9.235875563046214,2.360629796623037,5.180260732062081,6.112276324627963
GBR,2014,2700870.5,12936150,193675.0505041941,0.9959569573402404,10131.72412109375,0.5784654080121854,1.6490711873458963,2.8698362863911697,0.33805175405831545,-0.8970634288225199,9.235875563046214,2.360629796623037,5.180260732062081
GBR,2015,2807567.5,13176753,196834.1675299625,1.0009430646896362,9731.984619140623,3.8744321628501055,1.8428422849964932,1.6179827760820942,0.49938581367157536,-4.02536588157183,-0.8970634288225199,9.235875563046214,2.360629796623037
GBR,2016,2827233.5,13438341,199736.9755718268,0.9996384978294371,8857.945556640625,0.6980221608401393,1.9657749371113198,1.463979382860714,-0.13041878117366282,-9.410298523223126,-4.02536588157183,-0.8970634288225199,9.235875563046214
GBR,2017,2942276.25,13706323,202216.0555542513,1,7842.4130859375,3.9884844786906015,1.974536923130188,1.2335328882599583,0.036156752822428154,-12.176828066814949,-9.410298523223126,-4.02536588157183,-0.8970634288225199
GBR,2018,2974124.5,13962962,204374.956046226,0.9974656105041504,5545.956665039063,1.0766193493369158,1.855099327089249,1.0619618829446509,-0.2537606497480885,-34.64774451473982,-12.176828066814949,-9.410298523223126,-4.02536588157183
GBR,2019,2989895.5,14219198,207597.1501180213,0.9925231337547302,3411.8310546875,0.5288726986290015,1.8184770869012823,1.564309685515397,-0.4967351625953455,-48.58200200657823,-34.64774451473982,-12.176828066814949,-9.410298523223126
JPN,1980,2456738.75,9613282,370650.0227692544,0.8654742240905762,12884.29833984375,NA,NA,NA,NA,NA,NA,NA,NA
JPN,1981,2455290.25,10099709,374855.2571433648,0.8747483491897583,15010.1875,-0.05897766654019421,4.936092762239852,1.1281687976229193,1.065865141822503,15.27197501986155,NA,NA,NA
JPN,1982,2421859.5,10560476,380182.6364953309,0.8775538206100464,15529.9716796875,-1.37093488249036,4.461174146885583,1.4111789105072603,0.32020434211628424,3.404267633195346,15.27197501986155,NA,NA
JPN,1983,2383653,11007563,389269.70457503246,0.8779266476631165,17868.55322265625,-1.5901448621232106,4.146422898201152,2.3620671719402964,0.04247578545174546,14.027055108311792,3.404267633195346,15.27197501986155,NA
JPN,1984,2393857.75,11468706,395479.7286530283,0.889444887638092,21258.25732421875,0.42720010707295586,4.103952673339961,1.5827099574067915,1.3034501033672583,17.37030352013793,14.027055108311792,3.404267633195346,15.27197501986155
JPN,1985,2468670,11952732,397351.7434476911,0.9136502146720886,22206.8515625,3.0773358090357306,4.133776275976331,0.4722361156115795,2.6850254535644753,4.365547034754158,17.37030352013793,14.027055108311792,3.404267633195346
JPN,1986,2688586.25,12472975,401566.1454211313,0.9181227087974548,24086.2333984375,8.533595376016656,4.260443231722633,1.055037350974608,0.4883250489949434,8.123957879941557,4.365547034754158,17.37030352013793,14.027055108311792
JPN,1987,2875265.75,13066164,406349.1445215035,0.932382881641388,28901.3994140625,6.712960692097525,4.646168418837604,1.18404863480297,1.5412496133601004,18.2249567574992,8.123957879941557,4.365547034754158,17.37030352013793
JPN,1988,3163071.5,13767501,412623.63505602186,0.9596763253211976,31566.767578125,9.539844442964984,5.2284826788739025,1.5323130293200649,2.885251895144426,8.821489171354813,18.2249567574992,8.123957879941557,4.365547034754158
JPN,1989,3391143.5,14513620,417107.75083790254,0.9714718461036682,34190.3955078125,6.962363095870749,5.2776704106126004,1.080870150001978,1.2216222089795967,7.9839863231145,8.821489171354813,18.2249567574992,8.123957879941557
JPN,1990,3658643.5,15300169,419675.9603218929,0.9870508313179016,35114.9326171875,7.592527014984007,5.277635519356849,0.6138306742009547,1.5909250359699214,2.668169916828411,7.9839863231145,8.821489171354813,18.2249567574992
JPN,1991,3886576,16078454,426434.0641038497,0.9851640462875366,33008.0537109375,6.043611406807514,4.961624076103632,1.5974866876749871,-0.19133671765810475,-6.187488715368161,2.668169916828411,7.9839863231145,8.821489171354813
JPN,1992,4028564.75,16778856,422856.2326810166,0.9769787788391112,33160.19921875,3.5881606719598835,4.263940746441008,-0.842551151704285,-0.8343240690428222,0.4598754514859138,-6.187488715368161,2.668169916828411,7.9839863231145
JPN,1993,4149531.25,17373832,418862.46706723,0.9622207283973694,35268.4287109375,2.9585204969880152,3.484564385523825,-0.9489620667293863,-1.5221059323833712,6.163785490396734,0.4598754514859138,-6.187488715368161,2.668169916828411
JPN,1994,4282784.5,17914570,417624.5590675461,0.9612571597099304,34944.798828125,3.1608006111913056,3.0649182066387226,-0.2959780282804303,-0.100190262024831,-0.9218552857849005,6.163785490396734,0.4598754514859138,-6.187488715368161
JPN,1995,4521830,18478218,421748.2593843711,0.9671906232833862,39449.2763671875,5.431339699638826,3.0978284756482566,0.9825749424159369,0.6153635425778625,12.124606398833393,-0.9218552857849005,6.163785490396734,0.4598754514859138
JPN,1996,4756702.5,19100110,425065.5824717934,0.9742871522903442,43130.837890625,5.063789691473275,3.31014612057281,0.7834874426933425,0.7310473188215434,8.922253347988196,12.124606398833393,-0.9218552857849005,6.163785490396734
JPN,1997,4777019.5,19656206,423931.21876327816,0.9693620800971984,45991.298828125,0.42621403804865565,2.8699021226138655,-0.26722465429713793,-0.5067871972054507,6.42139851200767,8.922253347988196,12.124606398833393,-0.9218552857849005
JPN,1998,4719694.5,20131154,416264.81910143816,0.955534040927887,46941.1015625,-1.2072743532895558,2.3875449956189954,-1.824958006912425,-1.436781642300098,2.044143491944439,6.42139851200767,8.922253347988196,12.124606398833393
JPN,1999,4719478,20569596,409257.5033183114,0.9502054452896118,51512.310546875,-0.004587266522371181,2.154549783856652,-1.6977091707911285,-0.5592169930136892,9.292716124340927,2.044143491944439,6.42139851200767,8.922253347988196
JPN,2000,4835114,20985610,409903.0223955618,0.9637643694877625,56787.0966796875,2.42065064425816,2.0022901526058234,0.15760505800912483,1.4168615326974463,9.748830993818558,9.292716124340927,2.044143491944439,6.42139851200767
JPN,2001,4785269,21347102,406454.81903222535,0.962247908115387,53536.7509765625,-1.0362466033170037,1.7079028011263375,-0.844782445954273,-0.15747165304998215,-5.89407765755201,9.748830993818558,9.292716124340927,2.044143491944439
JPN,2002,4781225,21616970,400472.7925336411,0.9645771384239196,53964.015625,-0.08454508497859337,1.256266162179287,-1.4826946066369473,0.2417688567301443,0.7949094909356802,-5.89407765755201,9.748830993818558,9.292716124340927
JPN,2003,4860082.5,21860280,403031.6399949847,0.9689435362815856,53218.8203125,1.6358623256095939,1.1192637071214762,0.6369239566550888,0.45165333242352734,-1.3905348061435063,0.7949094909356802,-5.89407765755201,9.748830993818558
JPN,2004,4987367,22089786,408982.9096153027,0.9752994775772096,55855.84375,2.585270211678825,1.0444038294107116,1.465829936944374,0.6538240222640181,4.836205392697934,-1.3905348061435063,0.7949094909356802,-5.89407765755201
JPN,2005,5110410,22339618,411340.5831965095,0.980172872543335,55578.8759765625,2.43715206368762,1.1246364377903717,0.5748171528949797,0.4984376337896942,-0.49709524006189554,4.836205392697934,-1.3905348061435063,0.7949094909356802
JPN,2006,5169780,22576826,418251.5988718397,0.977266490459442,55649.5419921875,1.155049859280588,1.0562287846187957,1.6661621708486507,-0.29695777806731694,0.12706469519798702,-0.49709524006189554,4.836205392697934,-1.3905348061435063
JPN,2007,5270966.5,22772658,421441.9624891687,0.9819919466972352,56463.69140625,1.938360789917759,0.8636623838029323,0.7598912546219694,0.48237285199062424,1.4523954061054667,0.12706469519798702,-0.49709524006189554,4.836205392697934
JPN,2008,5180551,22904076,418582.9394412364,0.9696558713912964,53864.234375,-1.7302321051808178,0.575428018224855,-0.6807022222526271,-1.264187061203694,-4.713109912940894,1.4523954061054667,0.12706469519798702,-0.49709524006189554
JPN,2009,4892599.5,22909384,404512.3050357984,0.935030996799469,52753.08984375,-5.718766393861507,0.0231722294003589,-3.419289655292701,-3.6361556393119776,-2.0844356592281343,-4.713109912940894,1.4523954061054667,0.12706469519798702
JPN,2010,5114662,22903052,410794.7861496552,0.9651841521263124,58283.158203125,4.438755973160724,-0.027643149298128833,1.5411629634170865,3.1739233955632504,9.969082415138786,-2.0844356592281343,-4.713109912940894,1.4523954061054667
JPN,2011,5032318.5,22912650,411084.4706604353,0.9628744125366212,60572.171875,-1.6230504756135744,0.04189830002125916,0.07049320697074535,-0.2395923792913479,3.8522407593509556,9.969082415138786,-2.0844356592281343,-4.713109912940894
JPN,2012,5038807.5,22958282,413901.0531963672,0.9715787172317504,60199.10546875,0.12886346368734536,0.19895830785650048,0.682822521848081,0.8999301462557272,-0.6178084741291556,3.8522407593509556,9.969082415138786,-2.0844356592281343
JPN,2013,5089779,23054584,413140.5548636759,0.9892590045928956,58795.974609375,1.0064964207703753,0.41858788197899344,-0.18390817091376022,1.8033890646631787,-2.358409934436523,-0.6178084741291556,3.8522407593509556,9.969082415138786
JPN,2014,5020598,23181482,416013.9496016547,0.9852917790412904,60110.0517578125,-1.3685361037266475,0.548914860652161,0.6930930785820522,-0.40183629844296326,2.2103684565394133,-2.358409934436523,-0.6178084741291556,3.8522407593509556
JPN,2015,5154499.5,23319812,417855.1246806799,0.990736961364746,59046.7509765625,2.632097243670728,0.5949529406109377,0.4415988379625091,0.5511251931434323,-1.7847558538095498,2.2103684565394133,-2.358409934436523,-0.6178084741291556
JPN,2016,5042444.5,23445880,420754.6010020359,0.9887282252311708,58149.2822265625,-2.197903821123681,0.5391486792493794,0.6914987475699519,-0.20295752981215226,-1.5315984157025397,-1.7847558538095498,2.2103684565394133,-2.358409934436523
JPN,2017,5048890,23601760,425148.2777222719,1,54416.1640625,0.1277432806633172,0.6626499029358968,1.0388228584508497,1.1335782664976755,-6.635229217887506,-1.5315984157025397,-1.7847558538095498,2.2103684565394133
JPN,2018,5005677,23756432,429728.15543309954,0.9929007887840272,40297.67626953125,-0.8595748792076918,0.6532029345802215,1.0714815264647015,-0.7124530518463447,-30.036743674380517,-6.635229217887506,-1.5315984157025397,-1.7847558538095498
JPN,2019,5036891,23917982,425300.0587862312,1.000939965248108,24297.7861328125,0.6216358309369951,0.6777246107166235,-1.0357871617268088,0.8064054275873147,-50.590856593395905,-30.036743674380517,-6.635229217887506,-1.5315984157025397
KOR,1980,205997.46875,652970.0625,94085.17021730336,0.5599010586738586,27,NA,NA,NA,NA,NA,NA,NA,NA
KOR,1981,219423.875,707388.4375,99054.70812737006,0.5626528263092041,33.33329963684082,6.31414803357373,8.004864944083856,5.147186666916959,0.49027012138223025,21.07200204203661,NA,NA,NA
KOR,1982,235264.90625,769582.75,104266.11017369112,0.5708221197128296,41.5,6.970677847279028,8.426855328777094,5.127407792940808,1.4414848583062967,21.913654081195723,21.07200204203661,NA,NA
KOR,1983,264715.53125,845125.25,108184.3042317824,0.6090041995048523,35.66660153865814,11.794364252549272,9.363635636589684,3.68899105569902,6.474752644816906,-15.14787074634536,21.913654081195723,21.07200204203661,NA
KOR,1984,290810.25,930186.5625,109251.72294006338,0.6419909596443176,77.16670227050781,9.401521020428127,9.590032964252515,0.9818311132825386,5.2749058615112805,77.17533264737443,-15.14787074634536,21.913654081195723,21.07200204203661
KOR,1985,305082.3125,1018892.875,114388.5995265261,0.6473507881164551,106.39999914169312,4.79106246153016,9.108672925282768,4.594681502167752,0.8314101914312311,32.123752259380645,77.17533264737443,-15.14787074634536,21.913654081195723
KOR,1986,359630.28125,1122556.5,121644.29105080364,0.6645802855491638,130.1667022705078,16.449488995376882,9.689205230503717,6.149971933808729,2.6267367892781057,20.161038529587216,32.123752259380645,77.17533264737443,-15.14787074634536
KOR,1987,417624.75,1249065.375,128909.37959695813,0.689170777797699,217.9499969482422,14.950679485347429,10.678689820387177,5.800853493030189,3.6333411730406553,51.544971054567945,20.161038529587216,32.123752259380645,77.17533264737443
KOR,1988,475555.6875,1393028.375,132804.992775727,0.720306932926178,407.2595958709717,12.990068663928156,10.908449264873,2.977215877853645,4.418831332528573,62.518514512746926,51.544971054567945,20.161038529587216,32.123752259380645
KOR,1989,526183.5625,1560775.625,135202.16976837543,0.7243596315383911,565.4250106811523,10.116614130302892,11.370282891765093,1.7889379524367754,0.5610580798375231,32.81268698465895,62.518514512746926,51.544971054567945,20.161038529587216
KOR,1990,593101.8125,1778664.25,138588.96937542534,0.7402508854866028,840.1107177734375,11.971594482119663,13.06797680351064,2.474128549002863,2.1701165479312112,39.595601036837635,32.81268698465895,62.518514512746926,51.544971054567945
KOR,1991,674589.0625,2026416,143784.10358025113,0.7572715878486633,1147.3896484375005,12.873763436743957,13.040605420127882,3.680039628458154,2.2732794539383763,31.171108034662964,39.595601036837635,32.81268698465895,62.518514512746926
KOR,1992,729249.875,2267531.75,147097.58239216966,0.7546585202217102,1311.8555603027348,7.791272815431327,11.242318966427867,2.278329850356897,-0.3456601882282695,13.395310183951192,31.171108034662964,39.595601036837635,32.81268698465895
KOR,1993,800354.3125,2524120,151656.3008358519,0.7564611434936523,1757.901748657227,9.30380829069879,10.720058201622784,3.0520589468972403,0.23858125471936664,29.26783163366231,13.395310183951192,31.171108034662964,39.595601036837635
KOR,1994,903958.75,2819789.75,157476.002150315,0.7678952813148499,2251.0419921875,12.172920857427627,11.07698383025184,3.7656297547128403,1.5002203011532766,24.72723070886067,29.26783163366231,13.395310183951192,31.171108034662964
KOR,1995,1015576.5,3152982.5,164400.83088370485,0.7793711423873901,3754.508758544922,11.642798171159896,11.168650484499487,4.303445728941746,1.4833995402606521,51.15642367137143,24.72723070886067,29.26783163366231,13.395310183951192
KOR,1996,1136406.375,3507887.25,169256.70463114604,0.7864618897438049,4030.030624389648,11.24145492530868,10.66651028944925,2.9108988134726843,0.9056899018588277,7.081652166616514,51.15642367137143,24.72723070886067,29.26783163366231
KOR,1997,1116091.125,3839851,170589.60578670763,0.7970377206802368,4563.698944091797,-1.8038466951164622,9.041963059105207,0.7844181026987584,1.3357740184400835,12.435949162024329,7.081652166616514,51.15642367137143,24.72723070886067
KOR,1998,982705.8125,4050119.5,156574.00211220453,0.773480236530304,4811.051208496094,-12.727799265623219,5.3312823092507955,-8.573195064257177,-3.000188701930473,5.27821400506614,12.435949162024329,7.081652166616514,51.15642367137143
KOR,1999,1092839.625,4289879,161855.7070061172,0.82149738073349,5143.7659912109375,10.622494804764315,5.751214055795906,3.317648566698317,6.022863009471904,6.686988759604873,5.27821400506614,12.435949162024329,7.081652166616514
KOR,2000,1176636.375,4579601,171746.9995587925,0.8355651497840881,5399.958740234375,7.388036907676643,6.5353349013230755,5.931722029948894,1.6979572918885548,4.860581854289769,6.686988759604873,5.27821400506614,12.435949162024329
KOR,2001,1212755,4859549,175528.01701105485,0.8388450145721436,6965.957824707031,3.023479267629625,5.933375882528047,2.1776210121212003,0.39176410330000466,25.464380463260206,4.860581854289769,6.686988759604873,5.27821400506614
KOR,2002,1308658.75,5160626,179400.31583910916,0.8655201196670532,8978.792236328125,7.610812675774348,6.011225471205606,2.1821038900029066,3.130465761050244,25.3830260951597,25.464380463260206,4.860581854289769,6.686988759604873
KOR,2003,1361777.5,5477402.5,177761.67426176945,0.8703165054321289,11462.386108398438,3.978807392657302,5.957310227326218,-0.9175965642013395,0.5526324197360155,24.42055230877358,25.3830260951597,25.464380463260206,4.860581854289769
KOR,2004,1449575.5,5797558,180363.02870365468,0.88288116455078125,12632.087158203123,6.247992326935048,5.6805802171933095,1.452790144692706,1.433366522739904,9.716927520832286,24.42055230877358,25.3830260951597,25.464380463260206
KOR,2005,1562740.5,6112619.5,180309.3346956633,0.8963833451271057,14566.51904296875,7.51702558343279,5.291861030242728,-0.02977439573239593,1.517755195654079,14.248550230815127,9.716927520832286,24.42055230877358,25.3830260951597
KOR,2006,1618417.375,6436058,183973.21322037137,0.9088116884231568,14646.384033203123,3.5007731941830045,5.156083618596874,2.011626468618566,1.3769747244388022,0.5467802292848489,14.248550230815127,9.716927520832286,24.42055230877358
KOR,2007,1716586.625,6772678.5,184920.05214867508,0.93292635679245,15165.17138671875,5.888905598112615,5.098041032082534,0.5133414439590922,2.6188356840257137,3.480796121685792,0.5467802292848489,14.248550230815127,9.716927520832286
KOR,2008,1721251.75,7087414,180223.1205646162,0.9501596689224244,14628.173095703123,0.2713989056280397,4.542388372251871,-2.572793916274385,1.8303776916346666,-3.6052109148378975,3.480796121685792,0.5467802292848489,14.248550230815127
KOR,2009,1659645.375,7388594.5,176722.43183376527,0.9468255043029784,15656.796875,-3.6447837734844057,4.16169924851566,-1.9615322004202795,-0.3515228373751844,6.7955794421378,-3.6052109148378975,3.480796121685792,0.5467802292848489
KOR,2010,1780067.625,7710554,179443.9222275415,0.9790623784065248,17803.365478515625,7.004740512702234,4.265251230131462,1.5282428169509643,3.3480542304574104,12.848238343811857,6.7955794421378,-3.6052109148378975,3.480796121685792
KOR,2011,1784289.875,8019770,181897.5798948145,0.985048770904541,18078.201904296875,0.23691517895798597,3.9319703435030107,1.3581032714888863,0.60957966022811,1.5319386569428772,12.848238343811857,6.7955794421378,-3.6052109148378975
KOR,2012,1790975.75,8307872,185355.70415942936,0.9787276983261108,20352.240234375,0.3740076120131164,3.529375589544337,1.8832923350187158,-0.643769238329621,11.848409323457965,1.5319386569428772,12.848238343811857,6.7955794421378
KOR,2013,1751297,8596805,188915.2316558776,0.9814397096633912,23438.490234375,-2.2403926783253425,3.418712354561748,1.9021700497491523,0.27671239269765824,14.118856178118122,11.848409323457965,1.5319386569428772,12.848238343811857
KOR,2014,1834123.375,8891433,192145.5859511811,0.9857504367828368,25114.359375,4.620998628222495,3.3697606282663273,1.695494016439092,0.43826307559249217,6.906021637381521,14.118856178118122,11.848409323457965,1.5319386569428772
KOR,2015,1943938.625,9208201,196468.4684121217,0.9836356043815612,25573.61962890625,5.814949147375081,3.500627113914234,2.224860748099644,-0.21477081384616326,1.8121567714830533,6.906021637381521,14.118856178118122,11.848409323457965
KOR,2016,1999304,9560242,198438.759984866,0.9885265827178956,24294.09033203125,2.808298595609493,3.7518540524633437,0.9978586259704159,0.4960026508558736,-5.132821236996676,1.8121567714830533,6.906021637381521,14.118856178118122
KOR,2017,2088576.875,9973875,197427.69406936504,1,21456.224609375,4.368379299816283,4.235613391022497,-0.5108127266764129,1.153974475743295,-12.421832970095537,-5.132821236996676,1.8121567714830533,6.906021637381521
KOR,2018,2118144.75,10344492,197033.55778918343,1.0106995105743408,18088.12353515625,1.4057674628100258,3.648502968286138,-0.1998352991513741,1.064267585411683,-17.07592302287857,-12.421832970095537,-5.132821236996676,1.8121567714830533
KOR,2019,2162705.25,10672451,199733.7545408542,1.0077602863311768,14190.54949951172,2.08192809945551,3.121154425673467,1.3611194043471997,-0.29123456658904845,-24.267934978545114,-17.07592302287857,-12.421832970095537,-5.132821236996676
SGP,1980,47817.08203125,152234.609375,4005.9548088011006,1.1288539171218872,15.452399730682377,NA,NA,NA,NA,NA,NA,NA,NA
SGP,1981,48141.5625,169638.015625,4533.060293277578,1.109862208366394,5.392899990081787,0.6762948915698175,10.82440333411867,12.361531653438007,-1.6967014394993178,-105.26810418678608,NA,NA,NA
SGP,1982,50782.25390625,191698.96875,4943.418275546691,1.0689857006072998,3.785799980163574,5.340107175540609,12.225942356537267,8.66597776835718,-3.752561547809946,-35.382605183859624,-105.26810418678608,NA,NA
SGP,1983,56282.3359375,216348.40625,5215.751280626048,1.068500280380249,5.5,10.283377602681654,12.096382957014207,5.3626089038841585,-0.045419735119993365,37.34908722881352,-35.382605183859624,-105.26810418678608,NA
SGP,1984,62920.296875,243704.140625,5457.853113547532,1.074462652206421,16.73330020904541,11.148805944572793,11.906485104351816,4.537237022702811,0.5564620013626287,111.26526662500704,37.34908722881352,-35.382605183859624,-105.26810418678608
SGP,1985,56310.15234375,265286.71875,5358.1330116937625,1.0347819328308103,9.33330011367798,-11.099395176162652,8.485624748760223,-1.843991409360335,-3.7629966594761055,-58.38120962365237,111.26526662500704,37.34908722881352,-35.382605183859624
SGP,1986,58908.4609375,281727.625,5426.025853445046,1.01176655292511,16.3334002494812,4.510988482414291,6.012953675277721,1.259138326727971,-2.2492846274329397,55.96234440891648,-58.38120962365237,111.26526662500704,37.34908722881352
SGP,1987,66756.1171875,297710.625,5819.981697157702,1.0529593229293823,14.8832995891571,12.506120680526678,5.518122228513533,7.009013796105101,3.9906737381958837,-9.29723549351924,55.96234440891648,-58.38120962365237,111.26526662500704
SGP,1988,72381.921875,314568.0625,6240.902674975207,1.0986719131469729,13.41670036315918,8.091063401305476,5.507850999342878,6.982771445018443,4.249749597452693,-10.373952467282122,-9.29723549351924,55.96234440891648,-58.38120962365237
SGP,1989,74596.0625,335366.8125,6794.219423664395,1.118225336074829,42.016700744628906,3.0131153962528856,6.402442780671613,8.49473345295575,1.7640808580075995,114.1566949290572,-10.373952467282122,-9.29723549351924,55.96234440891648
SGP,1990,86285.1484375,358224.65625,7613.170583986258,1.1172339916229248,23.9665994644165,14.556976669907407,6.593542553253862,11.380755310686475,-0.08869269099260613,-56.140600395692,114.1566949290572,-10.373952467282122,-9.29723549351924
SGP,1991,82751.1171875,384264.21875,8177.635578273446,1.1037555932998655,71.45240211486816,-4.181997609313193,7.017006462801589,7.152334071433941,-1.2137439888136647,109.23703512662755,-56.140600395692,114.1566949290572,-10.373952467282122
SGP,1992,82367.453125,414078.71875,8646.591589782396,1.0969029664993286,100.05959701538086,-0.46471423806409007,7.472571202105804,5.576214770686683,-0.6227816594872593,33.673445528916446,109.23703512662755,-56.140600395692,114.1566949290572
SGP,1993,80112.4609375,446956.25,9008.129340100588,1.1450434923171997,87.8130989074707,-2.7758963306025564,7.640461744432336,4.096222222560542,4.295189697064708,-13.05552988188099,33.673445528916446,109.23703512662755,-56.140600395692
SGP,1994,76442.9609375,483251.6875,9613.58536876014,1.181148886680603,128.3346004486084,-4.688655516668305,7.807689496055126,6.50498110288229,3.1044976743466624,37.94302393930451,-13.05552988188099,33.673445528916446,109.23703512662755
SGP,1995,79247.40625,524897.125,10170.790617125116,1.1761010885238647,137.85790252685547,3.6029829447194572,8.266468094577561,5.634270648677919,-0.42827921735262287,7.158254362953986,37.94302393930451,-13.05552988188099,33.673445528916446
SGP,1996,99371.59375,580556.6875,10992.247707726408,1.148166298866272,232.7027969360352,22.629161214230642,10.078515824616119,7.767032333042856,-2.4038658365414687,52.35386269030826,7.158254362953986,37.94302393930451,-13.05552988188099
SGP,1997,104451.0078125,641838.6875,12120.54991052833,1.1224733591079712,262.9078063964844,4.9851841053934365,10.034955728549733,9.771208126809938,-2.2631540227313813,12.204133497210101,52.35386269030826,7.158254362953986,37.94302393930451
SGP,1998,118769.125,695847.125,12754.582527546425,1.0256043672561646,330.9460067749024,12.846334586733654,8.079298167860749,5.098826918824528,-9.025254139823366,23.015181584415156,12.204133497210101,52.35386269030826,7.158254362953986
SGP,1999,122706.6875,743403.8125,13450.827422863103,1.0183217525482178,506.6094970703125,3.261537050537733,6.610939809405458,5.315000162821981,-0.7126133822584378,42.57852435309238,23.015181584415156,12.204133497210101,52.35386269030826
SGP,2000,163269.78125,798316.875,14605.01004133207,1.02593994140625,562.3619041442871,28.560707924782136,7.126621878419215,8.232400078233226,0.7453276796451781,10.440511611785919,42.57852435309238,23.015181584415156,12.204133497210101
SGP,2001,160526.65625,845607.375,14747.8500736218,0.9781985282897948,650.2405242919922,-1.6943920997539053,5.754955103777348,0.9732691075100774,-4.765184378066217,14.519673162092683,10.440511611785919,42.57852435309238,23.015181584415156
SGP,2002,174030.21875,881352.3125,15070.599323931308,0.982874035835266,665.1694030761719,8.07689437780752,4.1402290542476905,2.164846674454779,0.4768325751826185,2.2699417867648286,14.519673162092683,10.440511611785919,42.57852435309238
SGP,2003,167406.53125,911664.3125,14945.57707524293,1.0116691589355469,619.7059783935547,-3.8803781987859054,3.381439723946933,-0.8330372930871022,2.8875909002716953,-7.079661252288805,2.2699417867648286,14.519673162092683,10.440511611785919
SGP,2004,192437.640625,948645.6875,15152.48679066412,1.0767065286636353,706.7576141357422,13.934698331656925,3.97635314483864,1.3749254828157476,6.2305272039657,13.14426328058067,-7.079661252288805,2.2699417867648286,14.519673162092683
SGP,2005,264816.46875,986209.8125,15837.327388577649,1.1053727865219116,749.7178115844727,31.92648588523994,3.8833748181753336,4.420498359853475,2.627577003603865,5.900911454380076,13.14426328058067,-7.079661252288805,2.2699417867648286
SGP,2006,296612.875,1029616.5,17433.742795671995,1.123814582824707,769.2793960571289,11.339082209926588,4.307255824666534,9.603792276843315,1.6546134520325286,2.5757342881535195,5.900911454380076,13.14426328058067,-7.079661252288805
SGP,2007,326440.75,1083633.875,19521.920145749733,1.1291805505752563,780.1217041015625,9.58206247181046,5.113368946339847,11.313037481915877,0.4763417210460308,1.3995711020584167,2.5757342881535195,5.900911454380076,13.14426328058067
SGP,2008,299015.375,1145713,21140.707699957155,1.073173999786377,892.8634338378906,-8.775346863762756,5.570705835217282,7.966251243137457,-5.08715807097179,13.498370113722657,1.3995711020584167,2.5757342881535195,5.900911454380076
SGP,2009,291632.84375,1210670.5,21715.366049088705,1.0301735401153564,806.8434753417969,-2.4999366793920785,5.514718773751781,2.6819666113103935,-4.089333886646605,-10.130394877548454,13.498370113722657,1.3995711020584167,2.5757342881535195
SGP,2010,369290.46875,1280650.125,23555.314427143305,1.0980141162872314,1008.0361175537108,23.60878858831441,5.619352077958695,8.133133788583535,6.377592576995717,22.262958812259726,-10.130394877548454,13.498370113722657,1.3995711020584167
SGP,2011,399595.4375,1354075.5,24857.277179204808,1.102213740348816,1043.6025848388672,7.8869116478990975,5.575107449945094,5.37990932058694,0.3817449314608076,3.4674751211926313,22.262958812259726,-10.130394877548454,13.498370113722657
SGP,2012,403046.78125,1435408.875,26827.784802177317,1.0758343935012815,1017.2070770263672,0.8600008674285675,5.833080529571788,7.6287542910643324,-2.4224108174001695,-2.561803922424666,3.4674751211926313,22.262958812259726,-10.130394877548454
SGP,2013,392164.71875,1521918.875,28809.92364063393,1.0561832189559937,1102.4902801513672,-2.737068529218689,5.852221750180142,7.128180182996857,-1.843486747546546,8.05108002093613,-2.561803922424666,3.4674751211926313,22.262958812259726
SGP,2014,425131.96875,1610568.875,30472.1596449048,1.0359671115875244,1053.132080078125,8.071768300693805,5.661549865429549,5.609356958504996,-1.9326275271933888,-4.580285465192624,8.05108002093613,-2.561803922424666,3.4674751211926313
SGP,2015,421381.21875,1697246.625,31585.261331387388,1.0191670656204224,1091.2089080810547,-0.8861703753284544,5.241985059047849,3.5877129993146184,-1.6349706399552393,3.551751417891591,-4.580285465192624,8.05108002093613,-2.561803922424666
SGP,2016,427075,1781923.125,32890.53968926289,1.0035514831542969,1044.1431274414062,1.342171015581961,4.868588270061736,4.049447075827928,-1.5440499831952597,-4.408959632361409,3.551751417891591,-4.580285465192624,8.05108002093613
SGP,2017,464890.21875,1867296.25,34026.00480999688,1,1009.5298309326172,8.484164717123122,4.679834060624621,3.394001063951535,-0.3545191529997362,-3.371186677432103,-4.408959632361409,3.551751417891591,-4.580285465192624
SGP,2018,476500.75,1938479.375,35588.22773379725,0.990425944328308,815.1872787475586,2.4668008065582114,3.7412309408717093,4.4889821913516315,-0.9620181586844162,-21.38221108044389,-3.371186677432103,-4.408959632361409,3.551751417891591
SGP,2019,477907.875,2004526.5,38121.91486752623,0.9483579993247986,630.5645732879639,0.2948686721161664,3.35040348650697,6.877440860989736,-4.340303000839309,-25.680231055676206,-21.38221108044389,-3.371186677432103,-4.408959632361409
USA,1980,7309359,28952150,621272.63376445,0.7875528931617737,43367.697265625,NA,NA,NA,NA,NA,NA,NA,NA
USA,1981,7496486.5,29738288,625823.9214227234,0.7925126552581787,41946.5302734375,2.527886229244203,2.679090656954841,0.7299046486105354,0.6277940040000929,-3.3319142850473327,NA,NA,NA
USA,1982,7323942,30368384,615933.1708192041,0.7774326801300049,43240.14404296875,-2.3285736499753185,2.096669343013957,-1.5930587133818008,-1.9211419141078574,3.037360551916457,-3.3319142850473327,NA,NA
USA,1983,7655244,31093054,629044.8097946424,0.7929401397705078,42562.73095703125,4.42421955823793,2.358238295181536,2.1064025181814827,1.9750677735252908,-1.5790313810715162,3.037360551916457,-3.3319142850473327,NA
USA,1984,8235799,32068518,662656.4237287114,0.8103001713752747,44211.05810546875,7.309948062330562,3.089035103600324,5.205414737899439,2.1657027964591875,3.7995930976416403,-1.5790313810715162,3.037360551916457,-3.3319142850473327
USA,1985,8533360,33127016,680369.3500157291,0.8170069456100464,46144.85986328125,3.549280399578514,3.2474341607077406,2.637917121990263,0.8242835219813949,4.281063466063095,3.7995930976416403,-1.5790313810715162,3.037360551916457
USA,1986,8808309,34181992,689805.542414491,0.8258476853370667,47525.708984375,3.171229273637266,3.134981285315064,1.3773922785144777,1.0762760016275297,2.9485230563123466,4.281063466063095,3.7995930976416403,-1.5790313810715162
USA,1987,9116680,35208604,712616.3174673937,0.8261879086494446,51837.5595703125,3.4410222172764904,2.9591528868667893,3.253341612020577,0.041188376137440974,8.684416834753073,2.9485230563123466,4.281063466063095,3.7995930976416403
USA,1988,9489531,36224176,734127.8704753694,0.8340516090393066,55459.7666015625,4.00834882363732,2.8436256672513593,2.974007249417454,0.9473041826067619,6.754285702249518,8.684416834753073,2.9485230563123466,4.281063466063095
USA,1989,9822400,37242084,755652.5331739879,0.8382185697555542,58371.560546875,3.447630073305774,2.771267094883356,2.889843442320661,0.49836077847025817,5.117096251689546,6.754285702249518,8.684416834753073,2.9485230563123466
USA,1990,9978170,38181148,758941.5848675653,0.8419286608695984,59825.3349609375,1.5734215085078773,2.49024737690533,0.4343152828214514,0.44163952738424384,2.460043850617666,5.117096251689546,6.754285702249518,8.684416834753073
USA,1991,9939456,38943580,750121.1378852236,0.8391718864440918,56315.2109375,-0.3887415975562192,1.9772046086401929,-1.1690100481805743,-0.3279728747983268,-6.04645576271956,2.460043850617666,5.117096251689546,6.754285702249518
USA,1992,10301173,39749632,750041.1297389414,0.8600287437438965,59924.0009765625,3.574548144589329,2.0486651165406045,-0.010666598952013828,2.4550255550206455,6.2112433787506305,-6.04645576271956,2.460043850617666,5.117096251689546
USA,1993,10602463,40619356,768460.8723387846,0.8611710667610168,70218.6982421875,2.8828560371032097,2.164411857172155,2.4261602675641925,0.13273568563832994,15.853752333960891,6.2112433787506305,-6.04645576271956,2.460043850617666
USA,1994,11054640,41576888,796299.0244390077,0.8662667274475098,79494.0419921875,4.176391671116519,2.329973418652287,3.5585126790959265,0.5899691998967949,12.40674430659574,15.853752333960891,6.2112433787506305,-6.04645576271956
USA,1995,11361680,42589128,815905.830550302,0.8646295666694641,99113.4794921875,2.7396040353995232,2.4054573481684827,2.4324170421968105,-0.18916919191806214,22.058337582251752,12.40674430659574,15.853752333960891,6.2112433787506305
USA,1996,11815750,43715496,833442.8554737576,0.8723098039627075,100761.494140625,3.9187097570355434,2.6103629352537183,2.1266195553769407,0.8843472002603631,1.6490828902631094,22.058337582251752,12.40674430659574,15.853752333960891
USA,1997,12360252,44934860,857857.0176986567,0.8801152110099792,115872.30859375,4.505245291816706,2.75112467057248,2.8872299441129456,0.8908179919204035,13.973251672683418,1.6490828902631094,22.058337582251752,12.40674430659574
USA,1998,12924324,46303760,879620.369804103,0.8887822031974792,116345.4287109375,4.462527711467956,3.0009281804069587,2.505297688139585,0.9799394214756549,0.40748030475210584,13.973251672683418,1.6490828902631094,22.058337582251752
USA,1999,13526821,47787892,898269.9639791193,0.9009824395179749,123577.6201171875,4.556333793993161,3.1549134672726353,2.0980234718251722,1.3633552707483856,6.030586175904418,0.40748030475210584,13.973251672683418,1.6490828902631094
USA,2000,14095967,49329540,915270.3490005176,0.9101762175559998,131228.9228515625,4.121427287558177,3.175078827694122,1.8748833861600644,1.0152459002671006,6.007383916258036,6.030586175904418,0.40748030475210584,13.973251672683418
USA,2001,14205419,50697112,907291.465540209,0.911842167377472,127250.9169921875,0.773478342582834,2.734585620227392,-0.8755735328461967,0.18286865813276626,-3.078243914840506,6.007383916258036,6.030586175904418,0.40748030475210584
USA,2002,14396938,51889248,898083.5576977808,0.9240977168083192,129926.478515625,1.339203355497176,2.3242654629552106,-1.0200637060226114,1.3350907160413497,2.0807878962010307,-3.078243914840506,6.007383916258036,6.030586175904418
USA,2003,14799683,53148096,896112.7608599309,0.9418501257896424,125578.4052734375,2.759021653955074,2.3970679924634197,-0.21968584040497063,1.9028339612469505,-3.4038433876439456,2.0807878962010307,-3.078243914840506,6.007383916258036
USA,2004,15372598,54536764,908120.7609350896,0.958232879638672,125872.3193359375,3.798081222373284,2.5792762053026053,1.3311112151956905,1.7244678038468826,0.23377478574513333,-3.4038433876439456,2.0807878962010307,-3.078243914840506
USA,2005,15920553,56048848,923728.7052097268,0.9687321782112122,125477.423828125,3.5024342148361143,2.7348553172075185,1.7041053067142542,1.0897345990528136,-0.3142201999143168,0.23377478574513333,-3.4038433876439456,2.0807878962010307
USA,2006,16386528,57539832,944580.442656028,0.9693102836608888,126920.90625,2.8848617835702584,2.625384218176663,2.2322433432123034,0.05965869976497923,1.143825444012947,-0.3142201999143168,0.23377478574513333,-3.4038433876439456
USA,2007,16702365,58882184,956132.102157671,0.9674323201179504,129573.701171875,1.9090792332910667,2.306112771291069,1.215523279658015,-0.1939301720158569,2.0685733255868755,1.143825444012947,-0.3142201999143168,0.23377478574513333
USA,2008,16671577,59951996,948109.6202142902,0.9610965251922609,128590.52734375,-0.18450327943817513,1.8005609207268236,-0.8425956970956605,-0.6570622716616924,-0.7616691025909006,2.0685733255868755,1.143825444012947,-0.3142201999143168
USA,2009,16195003,60486876,900006.1850364545,0.96138763427734375,122412.3984375,-2.9002555502451344,0.8882240553909071,-5.206849314403961,0.030284679941202514,-4.923748987176602,-0.7616691025909006,2.0685733255868755,1.143825444012947
USA,2010,16651722,61035284,903746.182648532,0.9771565794944764,128584.451171875,2.781089663640657,0.9025707293652374,0.41469139985910175,1.626921163155484,4.919023665987687,-4.923748987176602,-0.7616691025909006,2.0685733255868755
USA,2011,16943864,61657132,919465.1601354418,0.9752111434936525,138699.81640625,1.7392127884757969,1.0136785060829823,1.724360375412104,-0.19928998229175182,7.572610761252463,4.919023665987687,-4.923748987176602,-0.7616691025909006
USA,2012,17382956,62424416,937630.461940305,0.9776619672775269,155415.08984375,2.558442354074586,1.2367572656124537,1.9563754249650955,0.25099685760711193,11.378753281625542,7.572610761252463,4.919023665987687,-4.923748987176602
USA,2013,17764046,63225104,951067.993350824,0.9794913530349731,168997.20703125,2.1686341005825227,1.274495657781216,1.4229649112401432,0.18694358497481528,8.378265188323475,11.378753281625542,7.572610761252463,4.919023665987687
USA,2014,18244220,64118472,970212.6545401608,0.9840512871742249,156071.716796875,2.6671790602421197,1.4031059665637002,1.9929722276232908,0.46446073981343605,-7.956656367804271,8.378265188323475,11.378753281625542,7.572610761252463
USA,2015,18785358,65053556,991467.4740794837,0.9928927421569824,153672.69140625,2.9229419067391404,1.4478371966962555,2.1670863706356513,0.894462746463243,-1.5490664557912481,-7.956656367804271,8.378265188323475,11.378753281625542
USA,2016,19095196,65971328,1005207.664483883,0.9937236309051514,149748.15234375,1.635904848875569,1.4009354288237574,1.3763287814333225,0.0836486407626476,-2.587006146092641,-1.5490664557912481,-7.956656367804271,8.378265188323475
USA,2017,19542980,66940280,1019920.0237339516,1,140472.064453125,2.3179357571144976,1.4580655230293615,1.4530064625160932,0.6296148303865557,-6.39462591578539,-2.587006146092641,-1.5490664557912481,-7.956656367804271
USA,2018,20155260,68005632,1041038.2579524908,1.008165955543518,119399.41357421876,3.0849153847647415,1.5789646651093392,2.0494323994521224,0.8132794533786761,-16.253434998172978,-6.39462591578539,-2.587006146092641,-1.5490664557912481
USA,2019,20595844,69059464,1047767.0200365848,1.0167962312698364,97416.48828125,2.162401135820957,1.5377405288958812,0.6442711946462509,0.8523939890842982,-20.34788089844568,-16.253434998172978,-6.39462591578539,-2.587006146092641
